Rank,Release Group,Worldwide,Domestic,%,Foreign,%
1,The Lord of the Rings: The Return of the King,"$1,140,682,011","$377,027,325",33.1%,"$763,654,686",66.9%
2,Finding Nemo,"$871,014,978","$339,714,978",39%,"$531,300,000",61%
3,The Matrix Reloaded,"$739,412,035","$281,576,461",38.1%,"$457,835,574",61.9%
4,Pirates of the Caribbean: The Curse of the Black Pearl,"$654,264,015","$305,413,918",46.7%,"$348,850,097",53.3%
5,Bruce Almighty,"$484,592,874","$242,829,261",50.1%,"$241,763,613",49.9%
6,The Last Samurai,"$454,627,263","$111,127,263",24.4%,"$343,500,000",75.6%
7,Terminator 3: Rise of the Machines,"$433,371,112","$150,371,112",34.7%,"$283,000,000",65.3%
8,The Matrix Revolutions,"$427,343,298","$139,313,948",32.6%,"$288,029,350",67.4%
9,X2: X-Men United,"$407,711,549","$214,949,694",52.7%,"$192,761,855",47.3%
10,Bad Boys II,"$273,339,556","$138,608,444",50.7%,"$134,731,112",49.3%
11,Something's Gotta Give,"$265,328,738","$124,728,738",47%,"$140,600,000",53%
12,Charlie's Angels: Full Throttle,"$259,175,788","$100,830,111",38.9%,"$158,345,677",61.1%
13,The Village,"$256,697,520","$114,197,520",44.5%,"$142,500,000",55.5%
14,Brother Bear,"$250,397,798","$85,336,277",34.1%,"$165,061,521",65.9%
15,Hulk,"$245,285,165","$132,177,234",53.9%,"$113,107,931",46.1%
16,Love Actually,"$244,931,766","$59,696,144",24.4%,"$185,235,622",75.6%
17,2 Fast 2 Furious,"$236,350,661","$127,154,901",53.8%,"$109,195,760",46.2%
18,American Wedding,"$232,722,935","$104,565,114",44.9%,"$128,157,821",55.1%
19,Scary Movie 3,"$220,673,217","$110,003,217",49.8%,"$110,670,000",50.2%
20,Elf,"$220,443,451","$173,398,518",78.7%,"$47,044,933",21.3%
21,Master and Commander: The Far Side of the World,"$211,622,535","$93,927,920",44.4%,"$117,694,615",55.6%
22,S.W.A.T.,"$207,725,639","$116,934,650",56.3%,"$90,790,989",43.7%
23,Spy Kids 3-D: Game Over,"$197,011,982","$111,761,982",56.7%,"$85,250,000",43.3%
24,Anger Management,"$195,745,823","$135,645,823",69.3%,"$60,100,000",30.7%
25,Cheaper by the Dozen,"$190,212,113","$138,614,544",72.9%,"$51,597,569",27.1%
26,The Haunted Mansion,"$182,290,266","$75,847,266",41.6%,"$106,443,000",58.4%
27,Kill Bill: Vol. 1,"$180,899,045","$70,099,045",38.8%,"$110,800,000",61.2%
28,The League of Extraordinary Gentlemen,"$179,265,204","$66,465,204",37.1%,"$112,800,000",62.9%
29,Daredevil,"$179,179,718","$102,543,518",57.2%,"$76,636,200",42.8%
30,How to Lose a Guy in 10 Days,"$177,502,387","$105,813,373",59.6%,"$71,689,014",40.4%
31,The Italian Job,"$176,070,171","$106,128,601",60.3%,"$69,941,570",39.7%
32,Cold Mountain,"$173,013,509","$95,636,509",55.3%,"$77,377,000",44.7%
33,Bringing Down the House,"$164,729,679","$132,716,677",80.6%,"$32,013,002",19.4%
34,Daddy Day Care,"$164,433,867","$104,297,061",63.4%,"$60,136,806",36.6%
35,Freaky Friday,"$160,846,332","$110,230,332",68.5%,"$50,616,000",31.5%
36,Johnny English,"$160,466,000","$28,082,366",17.5%,"$132,383,634",82.5%
37,Lara Croft Tomb Raider: The Cradle of Life,"$160,099,222","$65,660,196",41%,"$94,439,026",59%
38,Mystic River,"$156,595,191","$90,135,191",57.6%,"$66,460,000",42.4%
39,Bayside Shakedown 2,"$155,138,312",-,-,"$155,138,312",100%
40,Seabiscuit,"$148,336,445","$120,277,854",81.1%,"$28,058,591",18.9%
41,Gothika,"$141,591,324","$59,694,580",42.2%,"$81,896,744",57.8%
42,Mona Lisa Smile,"$141,337,989","$63,860,942",45.2%,"$77,477,047",54.8%
43,The Jungle Book 2,"$135,703,599","$47,901,582",35.3%,"$87,802,017",64.7%
44,The Cat in the Hat,"$133,960,541","$101,149,285",75.5%,"$32,811,256",24.5%
45,School of Rock,"$131,095,614","$81,261,177",62%,"$49,834,437",38%
46,Legally Blonde 2,"$124,914,842","$90,186,328",72.2%,"$34,728,514",27.8%
47,Big Fish,"$123,218,424","$66,809,693",54.2%,"$56,408,731",45.8%
48,Peter Pan,"$121,975,011","$48,462,608",39.7%,"$73,512,403",60.3%
49,Intolerable Cruelty,"$120,801,243","$35,327,628",29.2%,"$85,473,615",70.8%
50,Lost in Translation,"$118,685,453","$44,585,453",37.6%,"$74,100,000",62.4%
51,Paycheck,"$117,248,958","$53,790,451",45.9%,"$63,458,507",54.1%
52,Freddy vs. Jason,"$116,632,628","$82,622,655",70.8%,"$34,009,973",29.2%
53,The Texas Chainsaw Massacre,"$107,071,655","$80,571,655",75.3%,"$26,500,000",24.7%
54,Just Married,"$101,564,935","$56,127,162",55.3%,"$45,437,773",44.7%
55,The Recruit,"$101,191,884","$52,802,140",52.2%,"$48,389,744",47.8%
56,Once Upon a Time in Mexico,"$98,096,026","$56,359,780",57.5%,"$41,736,246",42.5%
57,Phone Booth,"$97,837,138","$46,566,212",47.6%,"$51,270,926",52.4%
58,Underworld,"$95,708,457","$51,970,690",54.3%,"$43,737,767",45.7%
59,Calendar Girls,"$93,400,759","$31,041,759",33.2%,"$62,359,000",66.8%
60,Final Destination 2,"$90,941,129","$46,961,214",51.6%,"$43,979,915",48.4%
61,Identity,"$90,259,536","$52,159,536",57.8%,"$38,100,000",42.2%
62,Kangaroo Jack,"$88,929,111","$66,934,963",75.3%,"$21,994,148",24.7%
63,Shanghai Knights,"$88,323,487","$60,476,872",68.5%,"$27,846,615",31.5%
64,Old School,"$87,135,520","$75,585,093",86.7%,"$11,550,427",13.3%
65,Tears of the Sun,"$86,468,162","$43,734,876",50.6%,"$42,733,286",49.4%
66,Sinbad: Legend of the Seven Seas,"$80,773,077","$26,483,452",32.8%,"$54,289,625",67.2%
67,The Rundown,"$80,657,921","$47,726,342",59.2%,"$32,931,579",40.8%
68,Runaway Jury,"$80,154,140","$49,443,628",61.7%,"$30,710,512",38.3%
69,Good Bye Lenin!,"$79,316,957","$4,064,200",5.1%,"$75,252,757",94.9%
70,Bad Santa,"$76,488,889","$60,060,328",78.5%,"$16,428,561",21.5%
71,Dreamcatcher,"$75,715,436","$33,715,436",44.5%,"$42,000,000",55.5%
72,The Core,"$73,498,611","$31,186,896",42.4%,"$42,311,715",57.6%
73,Holes,"$71,406,573","$67,406,573",94.4%,"$4,000,000",5.6%
74,Looney Tunes: Back in Action,"$68,514,844","$20,991,364",30.6%,"$47,523,480",69.4%
75,Open Range,"$68,296,293","$58,331,254",85.4%,"$9,965,039",14.6%
76,Stuck on You,"$65,784,503","$33,832,741",51.4%,"$31,951,762",48.6%
77,Matchstick Men,"$65,565,672","$36,906,460",56.3%,"$28,659,212",43.7%
78,Taxi 3,"$65,497,208","$497,208",0.8%,"$65,000,000",99.2%
79,Jeepers Creepers 2,"$63,102,666","$35,667,218",56.5%,"$27,435,448",43.5%
80,Piglet's Big Movie,"$62,870,546","$23,103,423",36.7%,"$39,767,123",63.3%
81,Honey,"$62,228,395","$30,308,417",48.7%,"$31,919,978",51.3%
82,21 Grams,"$60,427,839","$16,290,476",27%,"$44,137,363",73%
83,Under the Tuscan Sun,"$58,878,723","$43,610,723",74.1%,"$15,268,000",25.9%
84,Agent Cody Banks,"$58,795,814","$47,938,330",81.5%,"$10,857,484",18.5%
85,Monster,"$58,469,210","$34,469,210",59%,"$24,000,000",41%
86,Cradle 2 the Grave,"$56,489,558","$34,712,347",61.4%,"$21,777,211",38.6%
87,The Lizzie McGuire Movie,"$55,534,455","$42,734,455",77%,"$12,800,000",23%
88,Out of Time,"$55,495,563","$41,088,845",74%,"$14,406,718",26%
89,Rugrats Go Wild,"$55,250,496","$39,402,572",71.3%,"$15,847,924",28.7%
90,Radio,"$53,293,628","$52,333,738",98.2%,"$959,890",1.8%
91,Hollywood Homicide,"$51,142,659","$30,940,691",60.5%,"$20,201,968",39.5%
92,What a Girl Wants,"$50,732,139","$36,105,433",71.2%,"$14,626,706",28.8%
93,The Jungle Book 2 2003 Re-release,"$50,600,160",-,-,"$50,600,160",100%
94,National Security,"$50,097,949","$36,381,186",72.6%,"$13,716,763",27.4%
95,Secondhand Lions,"$48,249,017","$42,070,939",87.2%,"$6,178,078",12.8%
96,Darkness Falls,"$47,488,536","$32,551,396",68.5%,"$14,937,140",31.5%
97,Torque,"$46,546,197","$21,215,059",45.6%,"$25,331,138",54.4%
98,The Hunted,"$46,061,847","$34,244,097",74.3%,"$11,817,750",25.7%
99,Good Boy,"$45,312,217","$37,667,746",83.1%,"$7,644,471",16.9%
100,Uptown Girls,"$44,617,342","$37,182,494",83.3%,"$7,434,848",16.7%
101,A Man Apart,"$44,350,926","$26,736,098",60.3%,"$17,614,828",39.7%
102,Timeline,"$43,935,763","$19,481,943",44.3%,"$24,453,820",55.7%
103,Basic,"$42,792,561","$26,793,311",62.6%,"$15,999,250",37.4%
104,Whale Rider,"$41,062,976","$20,779,666",50.6%,"$20,283,310",49.4%
105,Down with Love,"$39,468,111","$20,305,251",51.4%,"$19,162,860",48.6%
106,Dumb and Dumberer: When Harry Met Lloyd,"$39,267,515","$26,276,465",66.9%,"$12,991,050",33.1%
107,The Life of David Gale,"$38,955,598","$19,955,598",51.2%,"$19,000,000",48.8%
108,Head of State,"$38,620,484","$38,125,247",98.7%,"$495,237",1.3%
109,The Missing,"$38,364,277","$27,011,180",70.4%,"$11,353,097",29.6%
110,Bulletproof Monk,"$37,713,879","$23,358,708",61.9%,"$14,355,171",38.1%
111,Malibu's Most Wanted,"$34,622,504","$34,432,201",99.5%,"$190,303",0.5%
112,The Medallion,"$34,268,701","$22,219,192",64.8%,"$12,049,509",35.2%
113,The Fighting Temptations,"$33,972,062","$30,250,745",89%,"$3,721,317",11%
114,Pokémon: Jirachi - Wish Maker,"$33,393,751",-,-,"$33,393,751",100%
115,Girl with a Pearl Earring,"$33,030,115","$11,670,971",35.3%,"$21,359,144",64.7%
116,Suddenly Paradise,"$31,679,869",-,-,"$31,679,869",100%
117,The Blind Swordsman: Zatoichi,"$31,167,430",-,-,"$31,167,430",100%
118,Cabin Fever,"$30,553,394","$21,158,188",69.2%,"$9,395,206",30.8%
119,Laws of Attraction,"$30,031,874","$17,871,255",59.5%,"$12,160,619",40.5%
120,Luther,"$29,413,900","$5,791,328",19.7%,"$23,622,572",80.3%
121,Bugs!,"$29,388,999","$19,063,544",64.9%,"$10,325,455",35.1%
122,Cold Creek Manor,"$29,119,434","$21,386,011",73.4%,"$7,733,423",26.6%
123,Wrong Turn,"$28,650,575","$15,418,790",53.8%,"$13,231,785",46.2%
124,Ruby & Quentin,"$27,720,972","$312,824",1.1%,"$27,408,148",98.9%
125,The In-Laws,"$26,891,849","$20,453,431",76.1%,"$6,438,418",23.9%
126,In America,"$25,382,911","$15,539,656",61.2%,"$9,843,255",38.8%
127,The Miracle of Bern,"$24,816,394",-,-,"$24,816,394",100%
128,Detective Conan: Crossroad in the Ancient Capital,"$24,342,320",-,-,"$24,342,320",100%
129,Mortadelo & Filemon: The Big Adventure,"$23,920,411",-,-,"$23,920,411",100%
130,Dickie Roberts: Former Child Star,"$23,769,505","$22,738,671",95.7%,"$1,030,834",4.3%
131,In the Cut,"$23,726,793","$4,750,602",20%,"$18,976,191",80%
132,Biker Boyz,"$23,510,621","$22,076,772",93.9%,"$1,433,849",6.1%
133,Yomigaeri,"$23,259,542",-,-,"$23,259,542",100%
134,Confidence,"$23,014,206","$12,251,640",53.2%,"$10,762,566",46.8%
135,The Human Stain,"$22,954,068","$5,381,908",23.4%,"$17,572,160",76.6%
136,Swimming Pool,"$22,441,497","$10,130,108",45.1%,"$12,311,389",54.9%
137,Chouchou,"$22,288,364",-,-,"$22,288,364",100%
138,Ghosts of the Abyss,"$22,141,539","$17,040,871",77%,"$5,100,668",23%
139,Love Don't Cost a Thing,"$21,964,072","$21,924,226",99.8%,"$39,846",0.2%
140,The Barbarian Invasions 2003 Re-release,"$21,815,430","$3,435,749",15.7%,"$18,379,681",84.3%
141,Doraemon: Nobita and the Wind Wizard,"$20,428,491",-,-,"$20,428,491",100%
142,Ong-Bak: The Thai Warrior,"$20,235,426","$4,563,167",22.6%,"$15,672,259",77.4%
143,View from the Top,"$19,526,014","$15,614,000",80%,"$3,912,014",20%
144,Duplex,"$19,322,135","$9,692,135",50.2%,"$9,630,000",49.8%
145,Deep Blue,"$19,288,261","$132,261",0.7%,"$19,156,000",99.3%
146,A Mighty Wind,"$18,750,246","$17,781,006",94.8%,"$969,240",5.2%
147,My Boss's Daughter,"$18,191,005","$15,550,605",85.5%,"$2,640,400",14.5%
148,My Tutor Friend,"$17,896,209",-,-,"$17,896,209",100%
149,The New World,"$17,823,920",-,-,"$17,823,920",100%
150,Deliver Us from Eva,"$17,573,594","$17,573,594",100%,-,-
151,A Guy Thing,"$17,432,163","$15,545,431",89.2%,"$1,886,732",10.8%
152,Would I Lie to You? 2,"$17,317,084",-,-,"$17,317,084",100%
153,House of 1000 Corpses,"$16,829,545","$12,634,962",75.1%,"$4,194,583",24.9%
154,House of Sand and Fog,"$16,763,804","$13,040,288",77.8%,"$3,723,516",22.2%
155,Dogville,"$16,680,836","$1,535,286",9.2%,"$15,145,550",90.8%
156,Facing Windows,"$15,530,077","$543,354",3.5%,"$14,986,723",96.5%
157,Zelary,"$15,461,305","$330,033",2.1%,"$15,131,272",97.9%
158,Alex & Emma,"$15,368,897","$14,218,698",92.5%,"$1,150,199",7.5%
159,The Dreamers,"$15,121,165","$2,532,228",16.7%,"$12,588,937",83.3%
160,Oldboy,"$14,980,005","$707,481",4.7%,"$14,272,524",95.3%
161,Battle Royale II,"$14,899,584",-,-,"$14,899,584",100%
162,One Piece: Dead End Adventure,"$14,817,006",-,-,"$14,817,006",100%
163,The Triplets of Belleville,"$14,776,760","$7,007,149",47.4%,"$7,769,611",52.6%
164,Together with You,"$14,687,167","$1,151,941",7.8%,"$13,535,226",92.2%
165,How to Deal,"$14,390,329","$14,195,227",98.6%,"$195,102",1.4%
166,Football Days,"$14,117,202",-,-,"$14,117,202",100%
167,Touching the Void,"$13,885,802","$4,593,598",33.1%,"$9,292,204",66.9%
168,House of the Dead,"$13,818,181","$10,249,719",74.2%,"$3,568,462",25.8%
169,Anything Else,"$13,585,075","$3,212,310",23.6%,"$10,372,765",76.4%
170,Kal ho naa ho,"$13,200,241","$1,991,922",15.1%,"$11,208,319",84.9%
171,The Barbarian Invasions,"$13,065,317","$5,109,226",39.1%,"$7,956,091",60.9%
172,Onmyoji 2,"$13,022,862",-,-,"$13,022,862",100%
173,The Divorce,"$12,991,996","$9,081,057",69.9%,"$3,910,939",30.1%
174,Gods and Generals,"$12,923,936","$12,882,934",99.7%,"$41,002",0.3%
175,"Remember Me, My Love","$12,671,306","$227,986",1.8%,"$12,443,320",98.2%
176,Chasing Papi,"$12,661,189","$6,130,049",48.4%,"$6,531,140",51.6%
177,Winged Migration 2003 Re-release,"$12,634,963","$10,764,402",85.2%,"$1,870,561",14.8%
178,Seducing Doctor Lewis,"$12,504,038","$9,354,342",74.8%,"$3,149,696",25.2%
179,Monsieur Ibrahim,"$12,364,836","$2,823,890",22.8%,"$9,540,946",77.2%
180,Koi... Mil Gaya,"$12,168,232","$671,372",5.5%,"$11,496,860",94.5%
181,Dark Blue,"$12,150,301","$9,250,301",76.1%,"$2,900,000",23.9%
182,Beyond Borders,"$11,705,002","$4,430,101",37.8%,"$7,274,901",62.2%
183,The Dope,"$11,289,473",-,-,"$11,289,473",100%
184,Kamen Rider 555: Paradise Lost,"$11,067,556",-,-,"$11,067,556",100%
185,Godzilla: Tokyo S.O.S.,"$10,724,345",-,-,"$10,724,345",100%
186,The Cooler,"$10,464,788","$8,291,572",79.2%,"$2,173,216",20.8%
187,A Touch of Spice,"$10,395,779",-,-,"$10,395,779",100%
188,Thirteen,"$10,128,960","$4,601,043",45.4%,"$5,527,917",54.6%
189,Kisarazu Cat's Eye: Nihon Series,"$10,029,866",-,-,"$10,029,866",100%
190,Elephant,"$10,012,022","$1,266,955",12.7%,"$8,745,067",87.3%
191,Shin Chan: The Adult Empire Strikes Back,"$9,851,449",-,-,"$9,851,449",100%
192,My Life Without Me,"$9,726,954","$400,948",4.1%,"$9,326,006",95.9%
193,The Young Black Stallion,"$9,638,389","$6,751,389",70%,"$2,887,000",30%
194,Married for 7 Years,"$9,545,175",-,-,"$9,545,175",100%
195,Veronica Guerin,"$9,439,660","$1,571,504",16.6%,"$7,868,156",83.4%
196,The Flying Classroom,"$9,378,807",-,-,"$9,378,807",100%
197,"Spring, Summer, Fall, Winter... and Spring","$8,944,914","$2,380,788",26.6%,"$6,564,126",73.4%
198,Après Vous,"$8,852,763","$830,292",9.4%,"$8,022,471",90.6%
199,18 Years Later,"$8,785,730","$25,611",0.3%,"$8,760,119",99.7%
200,Le coeur des hommes,"$8,755,325",-,-,"$8,755,325",100%
201,The Station Agent,"$8,679,814","$5,739,376",66.1%,"$2,940,438",33.9%
202,T.R.Y.,"$8,631,815",-,-,"$8,631,815",100%
203,Dragon Head,"$8,629,298",-,-,"$8,629,298",100%
204,Love Me If You Dare,"$8,561,371","$553,504",6.5%,"$8,007,867",93.5%
205,Willard,"$8,546,666","$6,886,089",80.6%,"$1,660,577",19.4%
206,Feelings,"$8,385,395",-,-,"$8,385,395",100%
207,It Runs in the Family,"$8,211,508","$7,491,839",91.2%,"$719,669",8.8%
208,American Splendor,"$7,986,084","$6,010,990",75.3%,"$1,975,094",24.7%
209,Carmen,"$7,981,666",-,-,"$7,981,666",100%
210,Fanfan,"$7,949,963","$32,686",0.4%,"$7,917,277",99.6%
211,Asmali konak: Hayat,"$7,919,279",-,-,"$7,919,279",100%
212,Gardener,"$7,885,479","$1,058,803",13.4%,"$6,826,676",86.6%
213,Tupac: Resurrection,"$7,808,524","$7,718,961",98.9%,"$89,563",1.1%
214,The Flower of Evil,"$7,587,959","$182,163",2.4%,"$7,405,796",97.6%
215,The Classic,"$7,582,367",-,-,"$7,582,367",100%
216,Michel Vaillant,"$7,463,092",-,-,"$7,463,092",100%
217,Spellbound,"$7,457,710","$5,728,581",76.8%,"$1,729,129",23.2%
218,Mean Spirit,"$7,415,973",-,-,"$7,415,973",100%
219,I'm Not Scared,"$7,354,418","$1,615,328",22%,"$5,739,090",78%
220,Gigli,"$7,266,209","$6,087,542",83.8%,"$1,178,667",16.2%
221,Werner - Gekotzt wird später!,"$6,996,083",-,-,"$6,996,083",100%
222,Santa vs. the Snowman 3D 2003 Re-release,"$6,952,764","$3,045,032",43.8%,"$3,907,732",56.2%
223,Father and Sons,"$6,935,839","$634,968",9.2%,"$6,300,871",90.8%
224,Ladies' Night,"$6,934,464",-,-,"$6,934,464",100%
225,The Law of God,"$6,844,275",-,-,"$6,844,275",100%
226,Azumi,"$6,668,719",-,-,"$6,668,719",100%
227,InuYasha the Movie 3: Swords of an Honorable Ruler,"$6,654,841",-,-,"$6,654,841",100%
228,Mambo Italiano 2003 Re-release,"$6,590,962","$3,205,730",48.6%,"$3,385,232",51.4%
229,I Capture the Castle,"$6,586,341","$1,179,035",17.9%,"$5,407,306",82.1%
230,Ned Kelly,"$6,585,516","$86,959",1.3%,"$6,498,557",98.7%
231,Bon Voyage,"$6,536,601","$148,727",2.3%,"$6,387,874",97.7%
232,Sams in Gefahr,"$6,519,643",-,-,"$6,519,643",100%
233,The Taste of Violence,"$6,403,831",-,-,"$6,403,831",100%
234,The Company,"$6,401,690","$2,283,914",35.7%,"$4,117,776",64.3%
235,Laughter and Punishment,"$6,325,857",-,-,"$6,325,857",100%
236,High Tension,"$6,291,958","$3,681,066",58.5%,"$2,610,892",41.5%
237,I Am Crazy About Love,"$6,290,342","$1,232,228",19.6%,"$5,058,114",80.4%
238,Ripley's Game,"$6,200,970",-,-,"$6,200,970",100%
239,Moscow Gold,"$6,152,823",-,-,"$6,152,823",100%
240,Like Asura,"$6,116,833",-,-,"$6,116,833",100%
241,Warriors of Heaven and Earth,"$6,106,178","$82,936",1.4%,"$6,023,242",98.6%
242,Atashin'chi the Movie,"$6,080,495",-,-,"$6,080,495",100%
243,Rosenstrasse,"$6,075,609","$734,519",12.1%,"$5,341,090",87.9%
244,Take My Eyes,"$6,055,927",-,-,"$6,055,927",100%
245,Planta 4ª,"$6,017,161",-,-,"$6,017,161",100%
246,What Fault Is It of Ours?,"$6,005,497",-,-,"$6,005,497",100%
247,Sex with Love,"$5,981,745",-,-,"$5,981,745",100%
248,Chalte Chalte,"$5,945,422","$836,225",14.1%,"$5,109,197",85.9%
249,The Hero: Love Story of a Spy,"$5,835,846","$285,394",4.9%,"$5,550,452",95.1%
250,The Mystery of the Yellow Room,"$5,813,911",-,-,"$5,813,911",100%
251,Strange Gardens,"$5,793,539","$78,668",1.4%,"$5,714,871",98.6%
252,The Good Thief,"$5,756,945","$3,517,797",61.1%,"$2,239,148",38.9%
253,Tory Island après la prophétie,"$5,755,364",-,-,"$5,755,364",100%
254,Nicotina,"$5,751,007","$1,117,864",19.4%,"$4,633,143",80.6%
255,O Simdi Asker,"$5,701,267",-,-,"$5,701,267",100%
256,"I, Cesar","$5,616,895",-,-,"$5,616,895",100%
257,Ripoux 3,"$5,577,935",-,-,"$5,577,935",100%
258,Spy Sorge,"$5,472,593",-,-,"$5,472,593",100%
259,G@me,"$5,460,574",-,-,"$5,460,574",100%
260,Tagore,"$5,433,601",-,-,"$5,433,601",100%
261,Simhadri,"$5,369,273",-,-,"$5,369,273",100%
262,Bullit & Riper,"$5,357,190",-,-,"$5,357,190",100%
263,The Real Cancun,"$5,345,083","$3,825,421",71.6%,"$1,519,662",28.4%
264,Intermission,"$5,175,215","$896,993",17.3%,"$4,278,222",82.7%
265,Anatomy 2,"$5,151,926",-,-,"$5,151,926",100%
266,Grind,"$5,141,166","$5,123,696",99.7%,"$17,470",0.3%
267,Payoff,"$5,127,899",-,-,"$5,127,899",100%
268,L'auberge espagnole 2003 Re-release,"$5,079,086","$2,830,361",55.7%,"$2,248,725",44.3%
269,The Fog of War: Eleven Lessons from the Life of Robert S. McNamara,"$5,038,841","$4,198,566",83.3%,"$840,275",16.7%
270,Alien 2003 Director's Cut,"$4,999,112","$1,986,910",39.7%,"$3,012,202",60.3%
271,From Justin to Kelly,"$4,928,883","$4,928,883",100%,-,-
272,Bad Boys,"$4,778,324",-,-,"$4,778,324",100%
273,The Magdalene Sisters 2003 Re-release,"$4,734,466","$4,583,889",96.8%,"$150,577",3.2%
274,Castle in the Sky,"$4,705,088",-,-,"$4,705,088",100%
275,De schippers van de Kameleon,"$4,649,322",-,-,"$4,649,322",100%
276,I'm Staying!,"$4,641,294",-,-,"$4,641,294",100%
277,"Die Wilden Kerle: Alles ist gut, solange du wild bist!","$4,581,494",-,-,"$4,581,494",100%
278,Samurai Resurrection,"$4,494,239",-,-,"$4,494,239",100%
279,The Blue Light,"$4,443,142",-,-,"$4,443,142",100%
280,The Return,"$4,429,093","$504,256",11.4%,"$3,924,837",88.6%
281,Laurel Canyon,"$4,412,203","$3,663,356",83%,"$748,847",17%
282,Peter Bell II: The Hunt for the Czar Crown,"$4,364,107",-,-,"$4,364,107",100%
283,Caterina in the Big City,"$4,285,937","$296,464",6.9%,"$3,989,473",93.1%
284,"Good Morning, Night","$4,234,655","$10,093",0.2%,"$4,224,562",99.8%
285,Thirteen Steps,"$4,234,653",-,-,"$4,234,653",100%
286,Jester Till,"$4,167,017",-,-,"$4,167,017",100%
287,Berlin Blues,"$4,143,889",-,-,"$4,143,889",100%
288,Corazón de melón,"$4,127,570",-,-,"$4,127,570",100%
289,Not on the Lips,"$4,103,426",-,-,"$4,103,426",100%
290,Japanese Story,"$4,095,954","$647,054",15.8%,"$3,448,900",84.2%
291,Capturing the Friedmans,"$4,076,990","$3,119,113",76.5%,"$957,877",23.5%
292,The Visual Bible: The Gospel of John,"$4,069,090","$4,069,090",100%,-,-
293,Infernal Affairs III,"$4,050,962",-,-,"$4,050,962",100%
294,Step Into Liquid,"$4,041,588","$3,681,803",91.1%,"$359,785",8.9%
295,El Cid: The Legend,"$4,032,296",-,-,"$4,032,296",100%
296,Kopps,"$3,930,933",-,-,"$3,930,933",100%
297,Line of Control,"$3,905,448",-,-,"$3,905,448",100%
298,Osama,"$3,888,902","$1,270,904",32.7%,"$2,617,998",67.3%
299,The Lord of the Rings: The Two Towers 2003 Re-release,"$3,816,801","$1,996,877",52.3%,"$1,819,924",47.7%
300,Better Luck Tomorrow,"$3,809,226","$3,802,390",99.8%,"$6,836",0.2%
301,The Secret Lives of Dentists,"$3,764,286","$3,707,346",98.5%,"$56,940",1.5%
302,Moon Child,"$3,719,929",-,-,"$3,719,929",100%
303,The Twins Effect,"$3,679,149",-,-,"$3,679,149",100%
304,Ju-on: The Grudge,"$3,657,876","$325,680",8.9%,"$3,332,196",91.1%
305,"Lucía, Lucía","$3,653,588","$269,586",7.4%,"$3,384,002",92.6%
306,Bhoot,"$3,640,472","$106,774",2.9%,"$3,533,698",97.1%
307,Cube²: Hypercube,"$3,563,603",-,-,"$3,563,603",100%
308,Andaaz,"$3,547,294",-,-,"$3,547,294",100%
309,The Soul Keeper,"$3,535,969",-,-,"$3,535,969",100%
310,Qayamat,"$3,489,539",-,-,"$3,489,539",100%
311,S Club Seeing Double,"$3,476,861",-,-,"$3,476,861",100%
312,Amma Nanna O Tamila Ammayi,"$3,457,284",-,-,"$3,457,284",100%
313,Adam & Eva,"$3,374,696",-,-,"$3,374,696",100%
314,Running on Karma,"$3,367,646",-,-,"$3,367,646",100%
315,Mother's Elling,"$3,364,790",-,-,"$3,364,790",100%
316,Pieces of April,"$3,272,028","$2,528,664",77.3%,"$743,364",22.7%
317,Infernal Affairs II,"$3,244,410",-,-,"$3,244,410",100%
318,Ninney Ishta Paddaanu,"$3,230,070",-,-,"$3,230,070",100%
319,Strayed,"$3,184,020","$482,757",15.2%,"$2,701,263",84.8%
320,Munna Bhai M.B.B.S.,"$3,137,716","$48,772",1.6%,"$3,088,944",98.4%
321,Le bison (et sa voisine Dorine),"$3,137,437",-,-,"$3,137,437",100%
322,La petite Lili,"$3,088,309",-,-,"$3,088,309",100%
323,Incantato,"$3,082,196","$108,954",3.5%,"$2,973,242",96.5%
324,Rascal Does Not Dream of Bunny Girl Senpai The Movie,"$3,061,268",-,-,"$3,061,268",100%
325,Vasantham,"$3,058,301",-,-,"$3,058,301",100%
326,Mambo Italiano,"$3,047,296","$3,047,296",100%,-,-
327,Pupendo,"$3,043,257",-,-,"$3,043,257",100%
328,The Mother,"$3,039,587","$1,063,163",35%,"$1,976,424",65%
329,Cowboy Bebop: The Movie,"$3,007,903","$1,000,045",33.2%,"$2,007,858",66.8%
330,Pinocchio Italian Version,"$2,995,810","$8,586",0.3%,"$2,987,224",99.7%
331,Shattered Glass,"$2,944,752","$2,220,008",75.4%,"$724,744",24.6%
332,Shivamani,"$2,934,145",-,-,"$2,934,145",100%
333,The Lord of the Rings: The Fellowship of the Ring 2003 Extended Edition,"$2,928,554","$1,412,056",48.2%,"$1,516,498",51.8%
334,My Architect,"$2,920,081","$2,750,707",94.2%,"$169,374",5.8%
335,Sylvia,"$2,917,393","$1,315,498",45.1%,"$1,601,895",54.9%
336,Bright Young Things,"$2,905,499","$933,637",32.1%,"$1,971,862",67.9%
337,Olsenbanden Junior går under vann,"$2,871,092",-,-,"$2,871,092",100%
338,France Boutique,"$2,846,985",-,-,"$2,846,985",100%
339,The Little Polar Bear 2003 Re-release,"$2,835,923",-,-,"$2,835,923",100%
340,Tsuribaka nisshi 14,"$2,835,304",-,-,"$2,835,304",100%
341,Raising Victor Vargas,"$2,816,116","$2,078,661",73.8%,"$737,455",26.2%
342,Love Undercover 2: Love Mission,"$2,777,624",-,-,"$2,777,624",100%
343,Ultraman Cosmos vs. Ultraman Justice: The Final Battle,"$2,768,770",-,-,"$2,768,770",100%
344,The Best of Youth,"$2,693,053","$274,024",10.2%,"$2,419,029",89.8%
345,In Your Name,"$2,663,172",-,-,"$2,663,172",100%
346,Camp,"$2,650,356","$1,629,862",61.5%,"$1,020,494",38.5%
347,Double Agent,"$2,629,524",-,-,"$2,629,524",100%
348,Army of Valhalla,"$2,626,649",-,-,"$2,626,649",100%
349,Antikiller 2: Antiterror,"$2,617,287",-,-,"$2,617,287",100%
350,Russian Ark Canadian Release,"$2,610,711","$684,034",26.2%,"$1,926,677",73.8%
351,It's Easier for a Camel...,"$2,590,219","$16,150",0.6%,"$2,574,069",99.4%
352,Buddy,"$2,575,055",-,-,"$2,575,055",100%
353,Young Adam,"$2,561,820","$767,373",30%,"$1,794,447",70%
354,"Good Times, Bed Times","$2,552,511",-,-,"$2,552,511",100%
355,When the Last Sword Is Drawn,"$2,487,338",-,-,"$2,487,338",100%
356,Wonderland,"$2,466,444","$1,060,512",43%,"$1,405,932",57%
357,South from Granada,"$2,464,202",-,-,"$2,464,202",100%
358,Crime Spree,"$2,451,607",-,-,"$2,451,607",100%
359,Kochira katsushika-ku Kameari Koen-mae hashutsujo,"$2,434,271",-,-,"$2,434,271",100%
360,The Matrix Reloaded 2003 IMAX Release,"$2,423,288",-,-,"$2,423,288",100%
361,Soloalbum,"$2,421,304",-,-,"$2,421,304",100%
362,Torremolinos 73,"$2,416,771","$87,385",3.6%,"$2,329,386",96.4%
363,Janasheen,"$2,413,089",-,-,"$2,413,089",100%
364,Saving Grace 2003 Re-release,"$2,410,848",-,-,"$2,410,848",100%
365,Jism,"$2,399,257",-,-,"$2,399,257",100%
366,Journey,"$2,377,609","$2,377,609",100%,-,-
367,Sibelius,"$2,357,736",-,-,"$2,357,736",100%
368,Zameen,"$2,346,221",-,-,"$2,346,221",100%
369,Kureyon Shin-chan ankoku tamatama daitsuiseki,"$2,305,994",-,-,"$2,305,994",100%
370,MA 2412 - Die Staatsdiener,"$2,290,381",-,-,"$2,290,381",100%
371,Kitchen Stories,"$2,262,092",-,-,"$2,262,092",100%
372,DysFunktional Family,"$2,255,000","$2,255,000",100%,-,-
373,Dame tu cuerpo,"$2,209,980",-,-,"$2,209,980",100%
374,Kuch Naa Kaho,"$2,185,360","$224,831",10.3%,"$1,960,529",89.7%
375,Desire,"$2,174,005","$301,010",13.8%,"$1,872,995",86.2%
376,Fear and Trembling,"$2,166,777",-,-,"$2,166,777",100%
377,Fat Pizza,"$2,146,843",-,-,"$2,146,843",100%
378,Janis and John,"$2,115,251",-,-,"$2,115,251",100%
379,Madeleine,"$2,097,923",-,-,"$2,097,923",100%
380,"Turn Left, Turn Right","$2,083,193",-,-,"$2,083,193",100%
381,Dragon Loaded 2003,"$2,080,428",-,-,"$2,080,428",100%
382,Welcome to the Roses,"$2,078,815",-,-,"$2,078,815",100%
383,"Not for, or Against (Quite the Contrary)","$2,074,328",-,-,"$2,074,328",100%
384,Kvinnen i mitt liv,"$2,048,384",-,-,"$2,048,384",100%
385,Bed and Breakfast,"$2,038,842",-,-,"$2,038,842",100%
386,Boys,"$2,028,752",-,-,"$2,028,752",100%
387,Sur le seuil,"$2,014,071","$2,014,071",100%,-,-
388,Red Nose,"$2,004,814","$2,004,814",100%,-,-
389,Lost in Time,"$1,986,486",-,-,"$1,986,486",100%
390,Hungama,"$1,979,689",-,-,"$1,979,689",100%
391,Palnati Brahmanayudu,"$1,975,666",-,-,"$1,975,666",100%
392,Tujhe Meri Kasam,"$1,951,253",-,-,"$1,951,253",100%
393,Our Precious Children,"$1,946,588",-,-,"$1,946,588",100%
394,Rus Gelin,"$1,892,533",-,-,"$1,892,533",100%
395,Gangaajal,"$1,875,477",-,-,"$1,875,477",100%
396,Liever verliefd,"$1,873,798",-,-,"$1,873,798",100%
397,Wilbur Wants to Kill Himself,"$1,873,482","$235,294",12.6%,"$1,638,188",87.4%
398,Sound of Colors,"$1,819,104",-,-,"$1,819,104",100%
399,Pearls and Pigs,"$1,799,636",-,-,"$1,799,636",100%
400,Learning to Lie,"$1,764,411",-,-,"$1,764,411",100%
401,The Legend of Johnny Lingo,"$1,690,767","$1,690,767",100%,-,-
402,In Search of an Impotent Man,"$1,689,116",-,-,"$1,689,116",100%
403,"The Book of Mormon Movie, Volume 1: The Journey","$1,680,020","$1,680,020",100%,-,-
404,Khel,"$1,678,216",-,-,"$1,678,216",100%
405,Slam,"$1,676,136",-,-,"$1,676,136",100%
406,Marci X,"$1,675,706","$1,648,818",98.4%,"$26,888",1.6%
407,Bummer,"$1,670,000",-,-,"$1,670,000",100%
408,Tristan,"$1,665,483",-,-,"$1,665,483",100%
409,Vivir intentando,"$1,660,675",-,-,"$1,660,675",100%
410,Without Rhyme or Reason,"$1,639,450",-,-,"$1,639,450",100%
411,Since Otar Left,"$1,634,307","$350,391",21.4%,"$1,283,916",78.6%
412,Bummer 2003 Re-release,"$1,608,000",-,-,"$1,608,000",100%
413,Northfork,"$1,599,804","$1,420,578",88.8%,"$179,226",11.2%
414,The Basque Ball: Skin Against Stone,"$1,569,730",-,-,"$1,569,730",100%
415,Hope Springs,"$1,567,189",-,-,"$1,567,189",100%
416,One Hand Can't Clap,"$1,565,667",-,-,"$1,565,667",100%
417,The Man Who Sued God 2003 Re-release,"$1,560,867",-,-,"$1,560,867",100%
418,Out of Control,"$1,553,195","$36,486",2.3%,"$1,516,709",97.7%
419,Boom,"$1,550,273",-,-,"$1,550,273",100%
420,Cleopatra,"$1,540,687",-,-,"$1,540,687",100%
421,All Girls Are Crazy,"$1,501,063",-,-,"$1,501,063",100%
422,24 Hours in the Life of a Woman,"$1,500,180",-,-,"$1,500,180",100%
423,Godforsaken,"$1,496,704",-,-,"$1,496,704",100%
424,Ishq Vishk,"$1,490,772",-,-,"$1,490,772",100%
425,Soldiers of Salamina,"$1,481,789",-,-,"$1,481,789",100%
426,Bad Eggs,"$1,468,982",-,-,"$1,468,982",100%
427,The Rain Children,"$1,449,658",-,-,"$1,449,658",100%
428,Gettin' Square,"$1,422,008",-,-,"$1,422,008",100%
429,Valentin,"$1,415,049",-,-,"$1,415,049",100%
430,Men Suddenly in Black,"$1,388,974",-,-,"$1,388,974",100%
431,Love Collage,"$1,383,874",-,-,"$1,383,874",100%
432,Oka Raju Oka Rani,"$1,378,699",-,-,"$1,378,699",100%
433,The Pharmacist,"$1,372,469",-,-,"$1,372,469",100%
434,Jaal: The Trap,"$1,369,680",-,-,"$1,369,680",100%
435,The Gathering,"$1,346,475",-,-,"$1,346,475",100%
436,Mana ni dakarete,"$1,339,872",-,-,"$1,339,872",100%
437,Upswing,"$1,337,433",-,-,"$1,337,433",100%
438,Leave Your Hands on My Hips,"$1,336,199",-,-,"$1,336,199",100%
439,Darna Mana Hai,"$1,335,493","$132,348",9.9%,"$1,203,145",90.1%
440,Chota Jadugar,"$1,317,828",-,-,"$1,317,828",100%
441,Noi the Albino,"$1,317,132","$60,555",4.6%,"$1,256,577",95.4%
442,4 Freunde und 4 Pfoten,"$1,303,128",-,-,"$1,303,128",100%
443,Pipo en de p-p-Parelridder,"$1,295,788",-,-,"$1,295,788",100%
444,The Death Curse,"$1,295,601",-,-,"$1,295,601",100%
445,Anna in Kung-Fu Land,"$1,292,983",-,-,"$1,292,983",100%
446,Control,"$1,277,800","$237,183",18.6%,"$1,040,617",81.4%
447,City of Ghosts,"$1,277,187","$357,197",28%,"$919,990",72%
448,Golden Chicken 2,"$1,273,571",-,-,"$1,273,571",100%
449,Jajantaram Mamantaram,"$1,258,973",-,-,"$1,258,973",100%
450,Captain Sabertooth,"$1,255,909",-,-,"$1,255,909",100%
451,La fiesta,"$1,250,629",-,-,"$1,250,629",100%
452,Bubba Ho-Tep,"$1,239,183","$1,239,183",100%,-,-
453,Land of Love,"$1,232,568",-,-,"$1,232,568",100%
454,Forever,"$1,232,345",-,-,"$1,232,345",100%
455,The Inheritance,"$1,219,595","$68,215",5.6%,"$1,151,380",94.4%
456,Alexandra's Project,"$1,217,812","$752,148",61.8%,"$465,664",38.2%
457,Only Girls,"$1,208,002",-,-,"$1,208,002",100%
458,The Battling Angel,"$1,207,774",-,-,"$1,207,774",100%
459,Nickel and Dime,"$1,202,146",-,-,"$1,202,146",100%
460,La mia vita a stelle e strisce,"$1,197,373",-,-,"$1,197,373",100%
461,Sleepless Nights,"$1,192,090",-,-,"$1,192,090",100%
462,Pumuckl und sein Zirkusabenteuer,"$1,188,944",-,-,"$1,188,944",100%
463,More Than a Thousand Cameras Are Working for Your Safety,"$1,188,894",-,-,"$1,188,894",100%
464,Simhachalam,"$1,182,260",-,-,"$1,182,260",100%
465,Owning Mahowny,"$1,176,302","$1,011,871",86%,"$164,431",14%
466,Blackball,"$1,175,155",-,-,"$1,175,155",100%
467,Dark Woods,"$1,156,728",-,-,"$1,156,728",100%
468,Chill Out!,"$1,147,788",-,-,"$1,147,788",100%
469,Chow lok yuen,"$1,138,468",-,-,"$1,138,468",100%
470,Meedo Troubles,"$1,135,433",-,-,"$1,135,433",100%
471,Jet Lag 2003 Re-release,"$1,112,018","$544,964",49%,"$567,054",51%
472,The R.M.,"$1,111,615","$1,111,615",100%,-,-
473,No Big Deal,"$1,110,634",-,-,"$1,110,634",100%
474,My Name Is Tanino,"$1,101,229",-,-,"$1,101,229",100%
475,Saaya,"$1,097,628",-,-,"$1,097,628",100%
476,Snowboarder,"$1,090,565","$27,732",2.5%,"$1,062,833",97.5%
477,Cialo,"$1,082,666",-,-,"$1,082,666",100%
478,The Statement,"$1,079,822","$765,637",70.9%,"$314,185",29.1%
479,Singing Behind Screens,"$1,071,748",-,-,"$1,071,748",100%
480,Brocéliande,"$1,069,772",-,-,"$1,069,772",100%
481,Heroic Duo,"$1,068,645",-,-,"$1,068,645",100%
482,El día que me amen,"$1,067,646",-,-,"$1,067,646",100%
483,Ken Park,"$1,058,905",-,-,"$1,058,905",100%
484,Naked Ambition,"$1,053,325",-,-,"$1,053,325",100%
485,Soul Mate,"$1,052,738",-,-,"$1,052,738",100%
486,The Car Keys,"$1,052,596",-,-,"$1,052,596",100%
487,Kamenák,"$1,051,138",-,-,"$1,051,138",100%
488,A Tale of Two Sisters,"$1,045,252","$72,541",6.9%,"$972,711",93.1%
489,The Matrix 2003 Re-release,"$1,036,576",-,-,"$1,036,576",100%
490,United,"$1,032,021",-,-,"$1,032,021",100%
491,Night of the Shooting Stars,"$1,031,800",-,-,"$1,031,800",100%
492,Love for All Seasons,"$1,027,515",-,-,"$1,027,515",100%
493,Pinjar,"$1,022,336","$66,290",6.5%,"$956,046",93.5%
494,Cloaca,"$1,021,317",-,-,"$1,021,317",100%
495,Assassination Tango,"$1,013,272","$1,013,272",100%,-,-
496,Rashevski's Tango,"$1,008,622",-,-,"$1,008,622",100%
497,Valentin 2003 Re-release,"$1,002,172","$275,968",27.5%,"$726,204",72.5%
498,Small Cuts,"$1,001,713",-,-,"$1,001,713",100%
499,Memories of Murder,"$999,157","$15,357",1.5%,"$983,800",98.5%
500,Blue,"$997,715",-,-,"$997,715",100%
501,Haromeyah in Thailand,"$986,765",-,-,"$986,765",100%
502,Kalyana Ramudu,"$985,804",-,-,"$985,804",100%
503,Truth or Dare: 6th Floor Rear Flat,"$974,598",-,-,"$974,598",100%
504,Who Killed Bambi?,"$973,173","$14,532",1.5%,"$958,641",98.5%
505,November,"$959,831",-,-,"$959,831",100%
506,Gönderilmemis mektuplar,"$956,851",-,-,"$956,851",100%
507,Insaat,"$936,443",-,-,"$936,443",100%
508,One,"$922,751",-,-,"$922,751",100%
509,Dos tipos duros,"$914,332",-,-,"$914,332",100%
510,Parwana,"$911,795",-,-,"$911,795",100%
511,Cypher,"$898,365",-,-,"$898,365",100%
512,Doraemon: New Nobita's Great Demon-Peko and the Exploration Party of Five,"$897,314",-,-,"$897,314",100%
513,Gaz Bar Blues,"$884,664","$884,664",100%,-,-
514,Lo mejor que le puede pasar a un cruasán,"$877,062",-,-,"$877,062",100%
515,Superprodukcja,"$866,481",-,-,"$866,481",100%
516,The Other Side of the Bed 2003 Re-release,"$866,250","$113,543",13.1%,"$752,707",86.9%
517,My Brother-In-Law,"$862,667",-,-,"$862,667",100%
518,The Beast of Beauty,"$854,223",-,-,"$854,223",100%
519,Colour of the Truth,"$834,699",-,-,"$834,699",100%
520,Chori Chori,"$833,714",-,-,"$833,714",100%
521,The Shape of Things,"$826,617","$735,992",89%,"$90,625",11%
522,The Danish Experience,"$824,504",-,-,"$824,504",100%
523,Elly baly balak,"$823,912",-,-,"$823,912",100%
524,Footpath,"$822,817",-,-,"$822,817",100%
525,Criminal Ways,"$815,731",-,-,"$815,731",100%
526,Utopía,"$805,498",-,-,"$805,498",100%
527,Distant Lights,"$804,054",-,-,"$804,054",100%
528,Sssshhh...,"$797,396",-,-,"$797,396",100%
529,Little Bee Julia & Lady Life,"$796,371",-,-,"$796,371",100%
530,Raid,"$790,941",-,-,"$790,941",100%
531,Eager Bodies,"$783,332",-,-,"$783,332",100%
532,Song for a Raggy Boy,"$783,099",-,-,"$783,099",100%
533,Rahtree: Flower of the Night,"$782,800",-,-,"$782,800",100%
534,Party Monster,"$782,606","$742,898",94.9%,"$39,708",5.1%
535,Father's Affair,"$779,462",-,-,"$779,462",100%
536,Foolproof,"$779,036","$458,990",58.9%,"$320,046",41.1%
537,Turkish Tales,"$769,425",-,-,"$769,425",100%
538,Broken Wings,"$760,318","$421,454",55.4%,"$338,864",44.6%
539,Uzak,"$757,008","$96,293",12.7%,"$660,715",87.3%
540,Dudes in the 10th Century,"$755,794",-,-,"$755,794",100%
541,Monsieur N.,"$751,463",-,-,"$751,463",100%
542,Scarface 2003 Re-release,"$739,905","$739,905",100%,-,-
543,Pogoda na jutro,"$734,471",-,-,"$734,471",100%
544,Wizards and Giants,"$731,662",-,-,"$731,662",100%
545,Levity,"$723,040","$209,695",29%,"$513,345",71%
546,Vishnu,"$715,230",-,-,"$715,230",100%
547,Swimming Upstream,"$714,867",-,-,"$714,867",100%
548,El lápiz del carpintero,"$714,371",-,-,"$714,371",100%
549,Kallem mama,"$706,414",-,-,"$706,414",100%
550,Labyrinth,"$697,398",-,-,"$697,398",100%
551,Spy Dad,"$695,909",-,-,"$695,909",100%
552,Spun,"$685,608","$411,119",60%,"$274,489",40%
553,Hawa,"$679,525",-,-,"$679,525",100%
554,Dragon Hill. La colina del dragón,"$678,228",-,-,"$678,228",100%
555,Veede,"$675,823",-,-,"$675,823",100%
556,Atraco a las 3... y media,"$657,972",-,-,"$657,972",100%
557,Askar fi el-mu'askar,"$657,944",-,-,"$657,944",100%
558,Hanging Offense,"$650,462",-,-,"$650,462",100%
559,The Red Knight,"$649,098",-,-,"$649,098",100%
560,Dil Pardesi Ho Gayaa,"$648,756",-,-,"$648,756",100%
561,Danny Deckchair,"$645,618",-,-,"$645,618",100%
562,Young Gods,"$644,124",-,-,"$644,124",100%
563,"¡Buen viaje, excelencia!","$638,618",-,-,"$638,618",100%
564,The Soul's Place,"$638,481",-,-,"$638,481",100%
565,Beautiful Boxer,"$638,317","$133,920",21%,"$504,397",79%
566,The Devil Knows Why,"$624,257",-,-,"$624,257",100%
567,LOC: Kargil,"$621,103","$621,103",100%,-,-
568,The Butterfly 2003 Re-release,"$616,355","$38,438",6.2%,"$577,917",93.8%
569,Polleke,"$611,598",-,-,"$611,598",100%
570,Lost Love,"$610,994",-,-,"$610,994",100%
571,Nobody's Life,"$607,329",-,-,"$607,329",100%
572,Karlsson on the Roof,"$606,162",-,-,"$606,162",100%
573,Blue Collar Comedy Tour: The Movie,"$604,856","$604,856",100%,-,-
574,Bless the Woman,"$604,071",-,-,"$604,071",100%
575,The Holy Land,"$603,520","$603,520",100%,-,-
576,The Fall of Abdulhamit,"$602,107",-,-,"$602,107",100%
577,A Talking Picture,"$601,815","$20,237",3.4%,"$581,578",96.6%
578,Play It Loud!,"$601,039",-,-,"$601,039",100%
579,The Pact of Silence,"$598,131",-,-,"$598,131",100%
580,The Soul of a Man,"$592,910",-,-,"$592,910",100%
581,Samay: When Time Strikes,"$590,974",-,-,"$590,974",100%
582,Three,"$588,177",-,-,"$588,177",100%
583,Iron Ladies 2,"$588,075",-,-,"$588,075",100%
584,The Piano Player,"$585,604","$585,604",100%,-,-
585,How to Let Girls Love You,"$585,139",-,-,"$585,139",100%
586,Take Away,"$581,655",-,-,"$581,655",100%
587,All the Real Girls,"$579,986","$549,666",94.8%,"$30,320",5.2%
588,Tibet: Cry of the Snow Lion,"$578,241","$578,241",100%,-,-
589,My Friend from Mumbai Has Arrived,"$576,941",-,-,"$576,941",100%
590,Blizzard,"$576,320","$504,600",87.6%,"$71,720",12.4%
591,Donga Ramudu & Party,"$569,953",-,-,"$569,953",100%
592,Khwahish,"$569,830",-,-,"$569,830",100%
593,To Kill a King,"$567,471",-,-,"$567,471",100%
594,The Weather Underground,"$564,632","$564,632",100%,-,-
595,Poolhall Junkies,"$563,711","$563,711",100%,-,-
596,Main Madhuri Dixit Banna Chahti Hoon!,"$556,166",-,-,"$556,166",100%
597,In the City,"$550,269",-,-,"$550,269",100%
598,Un día en el paraíso,"$550,211",-,-,"$550,211",100%
599,Man of Ma Year,"$550,000",-,-,"$550,000",100%
600,Out for a Kill,"$547,333",-,-,"$547,333",100%
601,Masked and Anonymous,"$546,106","$533,569",97.7%,"$12,537",2.3%
602,Show,"$543,998",-,-,"$543,998",100%
603,Totò Sapore e la magica storia della pizza,"$541,824",-,-,"$541,824",100%
604,Passionada,"$540,833","$540,833",100%,-,-
605,Lawless Heart,"$539,596","$330,067",61.2%,"$209,529",38.8%
606,The Truce,"$538,299",-,-,"$538,299",100%
607,Salvaje,"$531,561",-,-,"$531,561",100%
608,"Lovely Rita, sainte patronne des cas désespérés","$530,191",-,-,"$530,191",100%
609,Black Mask 2: City of Masks,"$529,322",-,-,"$529,322",100%
610,Evil,"$528,245","$15,530",2.9%,"$512,715",97.1%
611,The Witch Affair,"$527,880",-,-,"$527,880",100%
612,Jhankaar Beats,"$527,834",-,-,"$527,834",100%
613,Dil Ka Rishta,"$526,571","$352,128",66.9%,"$174,443",33.1%
614,Casa de los babys,"$525,715","$478,031",90.9%,"$47,684",9.1%
615,La Mano del zurdo,"$523,538",-,-,"$523,538",100%
616,The Cremaster Cycle,"$522,029","$514,622",98.6%,"$7,407",1.4%
617,Hawayein,"$521,260","$409,978",78.7%,"$111,282",21.3%
618,Sunday Lunch,"$517,126",-,-,"$517,126",100%
619,The Miracle,"$513,297",-,-,"$513,297",100%
620,Jonny Vang,"$510,328",-,-,"$510,328",100%
621,Boredom in Brno,"$508,304",-,-,"$508,304",100%
622,Supari,"$503,954",-,-,"$503,954",100%
623,Market,"$503,266",-,-,"$503,266",100%
624,Calcutta Mail,"$500,269",-,-,"$500,269",100%
625,At Five in the Afternoon,"$499,176",-,-,"$499,176",100%
626,Time of the Wolf,"$499,149","$61,439",12.3%,"$437,710",87.7%
627,Loulou et autres loups,"$496,250",-,-,"$496,250",100%
628,Sambaram,"$491,865",-,-,"$491,865",100%
629,Unconditional Love,"$489,075",-,-,"$489,075",100%
630,Spin the Bottle,"$488,724",-,-,"$488,724",100%
631,Five Moons Plaza,"$484,998",-,-,"$484,998",100%
632,Tolichupulone,"$484,635",-,-,"$484,635",100%
633,A Real Man,"$480,671",-,-,"$480,671",100%
634,Blue Car,"$476,551","$465,310",97.6%,"$11,241",2.4%
635,Dongodu,"$472,894",-,-,"$472,894",100%
636,Reconstruction,"$471,107","$73,516",15.6%,"$397,591",84.4%
637,Thirteen Chimes,"$463,157",-,-,"$463,157",100%
638,First and Last Love,"$462,485",-,-,"$462,485",100%
639,The Legend of Suriyothai,"$458,564","$454,736",99.2%,"$3,828",0.8%
640,Kaena: The Prophecy,"$457,025",-,-,"$457,025",100%
641,Kiss Me First,"$456,655",-,-,"$456,655",100%
642,Les côtelettes,"$456,587",-,-,"$456,587",100%
643,Nayee Padosan,"$456,002",-,-,"$456,002",100%
644,Smart Philip,"$453,257",-,-,"$453,257",100%
645,Joggers' Park,"$449,545",-,-,"$449,545",100%
646,Lockdown,"$449,482","$449,482",100%,-,-
647,Modern Times 2003 Re-release,"$443,427","$163,577",36.9%,"$279,850",63.1%
648,It's All About Love,"$443,400","$6,140",1.4%,"$437,260",98.6%
649,Young Kees,"$440,968",-,-,"$440,968",100%
650,The Over-Eater,"$440,634",-,-,"$440,634",100%
651,Dorm Daze,"$436,365","$56,127",12.9%,"$380,238",87.1%
652,The Singing Detective,"$435,625","$337,174",77.4%,"$98,451",22.6%
653,Seis días en la oscuridad,"$431,813",-,-,"$431,813",100%
654,Star Runner,"$430,260",-,-,"$430,260",100%
655,Vampires: Los Muertos,"$429,189",-,-,"$429,189",100%
656,Amandla! A Revolution in Four Part Harmony,"$418,941","$405,331",96.8%,"$13,610",3.2%
657,The Animal 2003 Re-release,"$418,392",-,-,"$418,392",100%
658,The Floating Landscape,"$407,636",-,-,"$407,636",100%
659,Maléfique,"$398,016",-,-,"$398,016",100%
660,Let's Make a Grandson,"$397,320",-,-,"$397,320",100%
661,Phileine Says Sorry,"$392,633",-,-,"$392,633",100%
662,Al Mushaqusotee,"$392,159",-,-,"$392,159",100%
663,Oops!,"$390,585",-,-,"$390,585",100%
664,Io no,"$386,792",-,-,"$386,792",100%
665,Imagining Argentina,"$383,106","$8,899",2.3%,"$374,207",97.7%
666,Inteha,"$379,226",-,-,"$379,226",100%
667,Blind Spot. Hitler's Secretary,"$378,382","$378,382",100%,-,-
668,Pride and Prejudice,"$377,271","$377,271",100%,-,-
669,Annie Brocoli dans les fonds marins,"$374,360","$374,360",100%,-,-
670,Rules: Pyaar Ka Superhit Formula,"$373,694",-,-,"$373,694",100%
671,Two,"$373,152",-,-,"$373,152",100%
672,Le Furet,"$369,185",-,-,"$369,185",100%
673,The Actors,"$367,742",-,-,"$367,742",100%
674,The Animation Show,"$366,344","$366,344",100%,-,-
675,Scorched,"$363,057","$8,000",2.2%,"$355,057",97.8%
676,Unconditional Love 2003 Re-release,"$362,494",-,-,"$362,494",100%
677,Crazy First Love,"$361,988",-,-,"$361,988",100%
678,Ginger and Cinnamon,"$358,355",-,-,"$358,355",100%
679,How My Mother Gave Birth to Me During Menopause,"$353,275","$353,275",100%,-,-
680,Haasil,"$352,336",-,-,"$352,336",100%
681,Simpatico 2003 Re-release,"$352,207",-,-,"$352,207",100%
682,Yossi & Jagger,"$351,707","$267,005",75.9%,"$84,702",24.1%
683,That Day,"$351,410",-,-,"$351,410",100%
684,Billabong Odyssey,"$345,708","$156,000",45.1%,"$189,708",54.9%
685,The Very Merry Widows,"$345,478",-,-,"$345,478",100%
686,Los Debutantes,"$333,212",-,-,"$333,212",100%
687,The Stone Raft,"$329,766",-,-,"$329,766",100%
688,Now or Never,"$329,689",-,-,"$329,689",100%
689,In This World,"$322,097","$84,299",26.2%,"$237,798",73.8%
690,Sky High,"$321,734",-,-,"$321,734",100%
691,Elina: As If I Wasn't There,"$320,776",-,-,"$320,776",100%
692,"Die, Mommie, Die!","$320,092","$320,092",100%,-,-
693,Peculiarities of the National Politics,"$319,154",-,-,"$319,154",100%
694,Un hijo genial,"$317,602",-,-,"$317,602",100%
695,Apám beájulna,"$316,523",-,-,"$316,523",100%
696,Mosku - lajinsa viimeinen,"$312,935",-,-,"$312,935",100%
697,The Gatekeeper,"$312,434","$312,434",100%,-,-
698,Dogma 2003 Re-release,"$311,859",-,-,"$311,859",100%
699,Carolina,"$308,641",-,-,"$308,641",100%
700,The Trip,"$306,567","$306,567",100%,-,-
701,Happiness,"$305,205","$305,205",100%,-,-
702,A League of Ordinary Gentlemen,"$303,808",-,-,"$303,808",100%
703,Beyond Re-Animator,"$302,586",-,-,"$302,586",100%
704,Perfect Strangers,"$300,256",-,-,"$300,256",100%
705,The Galíndez File,"$299,518",-,-,"$299,518",100%
706,Dinner Rush 2003 Re-release,"$299,174",-,-,"$299,174",100%
707,Derailed,"$297,835",-,-,"$297,835",100%
708,Tehzeeb,"$297,200",-,-,"$297,200",100%
709,Three-Step Dance,"$297,066",-,-,"$297,066",100%
710,The Living Forest,"$296,902",-,-,"$296,902",100%
711,Bonhoeffer,"$296,181","$296,181",100%,-,-
712,Reisei to jônetsu no aida 2003 Re-release,"$295,487",-,-,"$295,487",100%
713,Ogu and Mampato in Rapa Nui 2003 Re-release,"$294,939",-,-,"$294,939",100%
714,Ravioli,"$294,086",-,-,"$294,086",100%
715,In Hell,"$293,671",-,-,"$293,671",100%
716,Jodi Kya Banayi Wah Wah Ramji,"$289,837",-,-,"$289,837",100%
717,Secret File,"$286,300",-,-,"$286,300",100%
718,The Rage in Placid Lake,"$284,808",-,-,"$284,808",100%
719,Fallo!,"$282,540",-,-,"$282,540",100%
720,The Heart of Me,"$282,519","$196,067",69.4%,"$86,452",30.6%
721,The Battle of Shaker Heights,"$280,351","$280,351",100%,-,-
722,"Die Klasse von '99 - Schule war gestern, Leben ist jetzt","$278,996",-,-,"$278,996",100%
723,Mumbai Matinee,"$278,399",-,-,"$278,399",100%
724,En construcción,"$278,291",-,-,"$278,291",100%
725,The Night We Called It a Day,"$277,428",-,-,"$277,428",100%
726,Raja Bhaiya,"$277,426",-,-,"$277,426",100%
727,Body to Body,"$277,120",-,-,"$277,120",100%
728,The Weakness of the Bolshevik,"$275,792",-,-,"$275,792",100%
729,"I Love You, Me Too","$275,745",-,-,"$275,745",100%
730,Stander,"$272,791","$31,651",11.6%,"$241,140",88.4%
731,Grabgeflüster,"$271,784",-,-,"$271,784",100%
732,El furgón,"$267,087",-,-,"$267,087",100%
733,Raja,"$262,643","$13,000",4.9%,"$249,643",95.1%
734,Stone Reader,"$260,523","$260,523",100%,-,-
735,Ta-Kien,"$260,000",-,-,"$260,000",100%
736,Livraison à domicile,"$259,720",-,-,"$259,720",100%
737,Happiness Costs Nothing,"$258,137",-,-,"$258,137",100%
738,Nasu: Summer in Andalusia,"$256,253",-,-,"$256,253",100%
739,Gerry,"$254,683","$254,683",100%,-,-
740,Civil Brand,"$254,293","$254,293",100%,-,-
741,May,"$249,300","$150,277",60.3%,"$99,023",39.7%
742,Besos de gato,"$247,882",-,-,"$247,882",100%
743,Neeku Nenu Naaku Nuvvu,"$245,392",-,-,"$245,392",100%
744,"The Dog, the General, and the Birds","$240,852",-,-,"$240,852",100%
745,Grimm,"$240,632",-,-,"$240,632",100%
746,2001: A Space Odyssey 2003 Re-release,"$239,621","$239,621",100%,-,-
747,Svidd neger,"$236,432",-,-,"$236,432",100%
748,The Far Side of the Moon,"$235,926","$235,926",100%,-,-
749,The Man Who Cried 2003 Re-release,"$232,331",-,-,"$232,331",100%
750,The Evil Dead 2003 Re-release,"$229,074",-,-,"$229,074",100%
751,Orikp,"$228,767",-,-,"$228,767",100%
752,Seytan bunun neresinde?,"$227,186",-,-,"$227,186",100%
753,Blue Gate Crossing,"$226,067","$6,242",2.8%,"$219,825",97.2%
754,Il ritorno di Cagliostro,"$225,681",-,-,"$225,681",100%
755,You're My Hero,"$225,125",-,-,"$225,125",100%
756,Bus 174,"$222,247","$217,201",97.7%,"$5,046",2.3%
757,So Far Away,"$221,579",-,-,"$221,579",100%
758,The Bottom of the Sea,"$220,704",-,-,"$220,704",100%
759,Two Men Went to War,"$217,151","$150,208",69.2%,"$66,943",30.8%
760,Life Marks,"$213,614",-,-,"$213,614",100%
761,Robot Contest,"$212,778",-,-,"$212,778",100%
762,Break Free,"$210,603",-,-,"$210,603",100%
763,Okay,"$210,565",-,-,"$210,565",100%
764,Squint Your Eyes,"$209,601",-,-,"$209,601",100%
765,Ilaria Alpi - Il più crudele dei giorni,"$205,877",-,-,"$205,877",100%
766,Hittites,"$205,834",-,-,"$205,834",100%
767,Fureur,"$204,498",-,-,"$204,498",100%
768,Excuses!,"$204,483",-,-,"$204,483",100%
769,Postmen in the Mountains,"$203,975","$203,975",100%,-,-
770,Chilly Dogs 2003 Re-release,"$203,137",-,-,"$203,137",100%
771,Blackmail Boy,"$201,600",-,-,"$201,600",100%
772,Storm,"$201,019",-,-,"$201,019",100%
773,Baltic Storm,"$198,457",-,-,"$198,457",100%
774,Dream Girl,"$198,373",-,-,"$198,373",100%
775,Mi casa es tu casa,"$197,117",-,-,"$197,117",100%
776,Japón,"$196,702","$21,900",11.1%,"$174,802",88.9%
777,Alila,"$193,385","$50,961",26.4%,"$142,424",73.6%
778,One Hundred Steps 2003 Re-release,"$191,024",-,-,"$191,024",100%
779,Dead End,"$188,561",-,-,"$188,561",100%
780,People of Rome,"$188,492",-,-,"$188,492",100%
781,Lost Boys of Sudan,"$188,467","$188,467",100%,-,-
782,Roads to Koktebel,"$187,954",-,-,"$187,954",100%
783,Undead,"$187,847","$41,196",21.9%,"$146,651",78.1%
784,Aanch,"$186,243",-,-,"$186,243",100%
785,My Children Are Different,"$183,006",-,-,"$183,006",100%
786,Expeditie Berenklauw,"$182,491",-,-,"$182,491",100%
787,Zhou Yu's Train,"$181,895",-,-,"$181,895",100%
788,19,"$181,479",-,-,"$181,479",100%
789,The Leopard,"$179,986",-,-,"$179,986",100%
790,Ewa,"$179,780",-,-,"$179,780",100%
791,L.I.E. 2003 Re-release,"$178,867",-,-,"$178,867",100%
792,The Sea,"$176,401","$75,994",43.1%,"$100,407",56.9%
793,Marooned in Iraq,"$174,357","$141,243",81%,"$33,114",19%
794,Gülüm,"$169,988",-,-,"$169,988",100%
795,Fia og klovnene,"$168,917",-,-,"$168,917",100%
796,Hangman's Curse,"$168,406","$168,406",100%,-,-
797,Twentynine Palms,"$167,999","$54,523",32.5%,"$113,476",67.5%
798,Witchery Deal,"$167,838",-,-,"$167,838",100%
799,The Mix,"$167,821",-,-,"$167,821",100%
800,On_Line,"$167,102","$167,102",100%,-,-
801,Red Betsy,"$164,520","$164,520",100%,-,-
802,The Fassbinder Series,"$162,885","$162,885",100%,-,-
803,Kagaar: Life on the Edge,"$162,168",-,-,"$162,168",100%
804,Bulgarian Lovers,"$161,027","$60,712",37.7%,"$100,315",62.3%
805,Gigantic (A Tale of Two Johns),"$160,621","$160,621",100%,-,-
806,Washington Heights,"$160,291","$160,291",100%,-,-
807,Km. 0 - Kilometer Zero,"$159,338","$159,338",100%,-,-
808,House of Fools,"$157,613","$57,862",36.7%,"$99,751",63.3%
809,Elisabeth Kübler-Ross: Facing Death,"$156,637",-,-,"$156,637",100%
810,Try Seventeen,"$155,997",-,-,"$155,997",100%
811,Past Perfect,"$154,677",-,-,"$154,677",100%
812,Suddenly,"$153,985","$44,806",29.1%,"$109,179",70.9%
813,The Revolution Will Not Be Televised,"$153,859","$153,859",100%,-,-
814,Patth,"$152,592",-,-,"$152,592",100%
815,Trio,"$151,200",-,-,"$151,200",100%
816,Stoked: The Rise and Fall of Gator,"$150,268","$150,268",100%,-,-
817,Lisa and All the Others,"$150,100",-,-,"$150,100",100%
818,Tokyo Godfathers,"$148,355","$129,560",87.3%,"$18,795",12.7%
819,Girls Will Be Girls,"$148,047","$148,047",100%,-,-
820,Choker Bali: A Passion Play,"$146,732",-,-,"$146,732",100%
821,Lao fu zi dong hua da dian ying: Fan dou shen tan,"$146,599",-,-,"$146,599",100%
822,Old Men in New Cars: In China They Eat Dogs II,"$144,192",-,-,"$144,192",100%
823,I Won't Let You Not Love Me,"$143,075",-,-,"$143,075",100%
824,On the Other Side of the Bridge,"$141,317",-,-,"$141,317",100%
825,Zu Warriors,"$141,084",-,-,"$141,084",100%
826,The King and the Mockingbird,"$139,938",-,-,"$139,938",100%
827,Palabras encadenadas,"$138,830",-,-,"$138,830",100%
828,The Locals,"$137,941",-,-,"$137,941",100%
829,Super Sucker,"$137,628","$137,628",100%,-,-
830,Comandante,"$135,633",-,-,"$135,633",100%
831,A Model Employee,"$134,842",-,-,"$134,842",100%
832,And in the Morning They Woke Up,"$134,748",-,-,"$134,748",100%
833,Al cuore si comanda,"$134,665",-,-,"$134,665",100%
834,Concert for George,"$134,600","$134,600",100%,-,-
835,Tales of the Unusual,"$134,085",-,-,"$134,085",100%
836,Chupke Se,"$133,956",-,-,"$133,956",100%
837,Hukkle,"$132,745","$53,715",40.5%,"$79,030",59.5%
838,1+1=11,"$132,498","$132,498",100%,-,-
839,Casomai 2003 Re-release,"$131,593",-,-,"$131,593",100%
840,Touchez Pas au Grisbi,"$131,548","$131,548",100%,-,-
841,Son frère,"$131,195","$22,834",17.4%,"$108,361",82.6%
842,Rosa,"$131,124",-,-,"$131,124",100%
843,Eski açik sari desene,"$130,392",-,-,"$130,392",100%
844,Prozac Nation,"$129,364",-,-,"$129,364",100%
845,Eila,"$128,793",-,-,"$128,793",100%
846,Someone Like Hodder,"$128,016",-,-,"$128,016",100%
847,He Loves Me,"$127,998",-,-,"$127,998",100%
848,Friends and Family,"$127,212","$127,212",100%,-,-
849,Green Card Fever,"$125,596","$125,596",100%,-,-
850,Ganz und gar,"$121,959",-,-,"$121,959",100%
851,I Vitelloni 2003 Re-release,"$120,343","$116,428",96.7%,"$3,915",3.3%
852,Sema: The Warrior of Ayodhaya,"$120,000",-,-,"$120,000",100%
853,Fellini: I'm a Born Liar,"$119,217","$106,686",89.5%,"$12,531",10.5%
854,It Happens That Way Too: Part II,"$117,692",-,-,"$117,692",100%
855,Stones 2003 Re-release,"$117,593",-,-,"$117,593",100%
856,Life Kills Me,"$117,410",-,-,"$117,410",100%
857,Andi Ommsen ist der letzte Lude,"$113,824",-,-,"$113,824",100%
858,Ludovic: Verdens Best Banse,"$113,272",-,-,"$113,272",100%
859,Love the Hard Way,"$111,350","$44,391",39.9%,"$66,959",60.1%
860,Monsieur Hulot's Holiday,"$108,875",-,-,"$108,875",100%
861,Dham,"$108,412",-,-,"$108,412",100%
862,"Don't Worry, Be Happy","$107,394",-,-,"$107,394",100%
863,Bad Inclination,"$107,113",-,-,"$107,113",100%
864,"Old, New, Borrowed and Blue","$105,778",-,-,"$105,778",100%
865,One Night at McCool's 2003 Re-release,"$104,816",-,-,"$104,816",100%
866,Tiresia,"$104,574",-,-,"$104,574",100%
867,XX/XY,"$104,130","$104,130",100%,-,-
868,Duck Soup 2003 Re-release,"$103,800",-,-,"$103,800",100%
869,Stevie,"$103,401","$103,401",100%,-,-
870,Emerald Cowboy,"$101,358","$101,358",100%,-,-
871,You Can't Stop the Murders,"$101,124",-,-,"$101,124",100%
872,Dum,"$101,000","$101,000",100%,-,-
873,A Woman Is a Woman,"$100,665","$100,665",100%,-,-
874,Untouched by the West,"$100,497",-,-,"$100,497",100%
875,Shiver,"$100,220",-,-,"$100,220",100%
876,Girlhood,"$100,218","$37,977",37.9%,"$62,241",62.1%
877,Hard Cash,"$99,218",-,-,"$99,218",100%
878,The Badge,"$97,080",-,-,"$97,080",100%
879,Autumn Spring 2003 Re-release,"$96,269","$96,269",100%,-,-
880,Do You Mind If I Kiss Mommy?,"$95,853",-,-,"$95,853",100%
881,Speaking of Sex,"$94,689",-,-,"$94,689",100%
882,The Hebrew Hammer,"$94,615","$82,157",86.8%,"$12,458",13.2%
883,Uninvited,"$90,638",-,-,"$90,638",100%
884,Things You Can Tell Just by Looking at Her 2003 Re-release,"$90,339",-,-,"$90,339",100%
885,"The Tulse Luper Suitcases, Part 1: The Moab Story","$90,071",-,-,"$90,071",100%
886,Two Fathers for Conny,"$89,881",-,-,"$89,881",100%
887,Tandem,"$88,430",-,-,"$88,430",100%
888,Seetayya,"$87,865",-,-,"$87,865",100%
889,The Danube,"$87,252",-,-,"$87,252",100%
890,Rachida,"$86,679",-,-,"$86,679",100%
891,El misterio del Trinidad,"$86,586",-,-,"$86,586",100%
892,Prey for Rock & Roll,"$86,277","$58,040",67.3%,"$28,237",32.7%
893,Where's the Party Yaar?,"$85,739","$85,739",100%,-,-
894,Soy tu aventura,"$84,164",-,-,"$84,164",100%
895,Cradle Will Rock 2003 Re-release,"$83,528",-,-,"$83,528",100%
896,Anything But Love,"$81,451","$81,451",100%,-,-
897,Il latitante,"$81,132",-,-,"$81,132",100%
898,Free Radicals,"$80,371","$1,443",1.8%,"$78,928",98.2%
899,Made-Up,"$79,766","$79,766",100%,-,-
900,The Heat's On,"$79,595",-,-,"$79,595",100%
901,Hierankl,"$78,980",-,-,"$78,980",100%
902,Una de dos,"$78,084",-,-,"$78,084",100%
903,The Princess Blade,"$77,567","$77,567",100%,-,-
904,Mudda: The Issue,"$77,049",-,-,"$77,049",100%
905,How the West Was Won 2003 Re-release,"$76,729","$76,729",100%,-,-
906,Arthur's Dyke,"$76,065",-,-,"$76,065",100%
907,Raumpatrouille - Die phantastischen Abenteuer des Raumschiffes Orion,"$75,846",-,-,"$75,846",100%
908,Hidden Track,"$75,225",-,-,"$75,225",100%
909,Lillebror på tjuvjakt,"$75,201",-,-,"$75,201",100%
910,Min Nazrati Ainen,"$73,798",-,-,"$73,798",100%
911,Before Night Falls 2003 Re-release,"$73,536",-,-,"$73,536",100%
912,New Suit,"$71,743","$71,743",100%,-,-
913,Horseplay,"$71,712",-,-,"$71,712",100%
914,The Dummy,"$71,646","$71,646",100%,-,-
915,Digimon: Digital Monsters,"$71,196",-,-,"$71,196",100%
916,The Honourable Wally Norman,"$70,959",-,-,"$70,959",100%
917,Todo el poder,"$70,920","$70,920",100%,-,-
918,Ek Din 24 Ghante,"$70,817",-,-,"$70,817",100%
919,Zéro un,"$70,814",-,-,"$70,814",100%
920,Scenes of the Crime,"$70,812",-,-,"$70,812",100%
921,The Emperor's New Clothes 2003 Re-release,"$70,637",-,-,"$70,637",100%
922,El Bola 2003 Re-release,"$70,054",-,-,"$70,054",100%
923,Manic,"$69,958","$69,958",100%,-,-
924,Mga munting tinig,"$69,739","$69,739",100%,-,-
925,Dopamine,"$69,544","$69,544",100%,-,-
926,Christmas Carol: The Movie 2003 Re-release,"$68,967",-,-,"$68,967",100%
927,Sympathy for Mr. Vengeance 2003 Re-release,"$68,911",-,-,"$68,911",100%
928,Der Bockerer IV - Prager Frühling,"$68,300",-,-,"$68,300",100%
929,Ya no los hacen como antes,"$68,044",-,-,"$68,044",100%
930,What Alice Found,"$67,436","$67,436",100%,-,-
931,Quand tu descendras du ciel,"$66,988",-,-,"$66,988",100%
932,Hollands licht,"$66,883",-,-,"$66,883",100%
933,Overwhelming Women,"$65,526",-,-,"$65,526",100%
934,Blind Shaft,"$65,383","$33,272",50.9%,"$32,111",49.1%
935,Kombi Nation,"$64,601",-,-,"$64,601",100%
936,Only the Strong Survive,"$63,778","$57,581",90.3%,"$6,197",9.7%
937,Guru,"$63,464",-,-,"$63,464",100%
938,Ginostra,"$62,765",-,-,"$62,765",100%
939,A Great Little Business,"$62,696",-,-,"$62,696",100%
940,Attention danger travail,"$62,648",-,-,"$62,648",100%
941,Pranam,"$62,215",-,-,"$62,215",100%
942,Married to the Mafia,"$61,583",-,-,"$61,583",100%
943,Flying Saucers,"$61,270",-,-,"$61,270",100%
944,Children's Play,"$61,230",-,-,"$61,230",100%
945,Hotel Danubio,"$60,715",-,-,"$60,715",100%
946,Tradra - I går ble jeg tater,"$60,598",-,-,"$60,598",100%
947,Down and Out with the Dolls,"$60,000","$60,000",100%,-,-
948,The Tunnel 2003 Re-release,"$59,867",-,-,"$59,867",100%
949,Odd Man Out,"$59,824",-,-,"$59,824",100%
950,Wenn ich ein junge wär,"$59,478",-,-,"$59,478",100%
951,Donkey Skin,"$59,337",-,-,"$59,337",100%
952,Tortilla Soup 2003 Re-release,"$59,315",-,-,"$59,315",100%
953,The Young Unknowns,"$59,166","$59,166",100%,-,-
954,Motown,"$59,035",-,-,"$59,035",100%
955,Havana Suite,"$59,032",-,-,"$59,032",100%
956,"My Beautiful Girl, Mari","$58,798",-,-,"$58,798",100%
957,Eyes Without a Face,"$58,565","$58,565",100%,-,-
958,My Life as McDull 2003 Re-release,"$57,985",-,-,"$57,985",100%
959,Springtime in a Small Town,"$57,751","$43,017",74.5%,"$14,734",25.5%
960,The Sleeping Dictionary,"$57,524",-,-,"$57,524",100%
961,Wanda,"$56,809",-,-,"$56,809",100%
962,Kart Racer,"$56,146","$56,146",100%,-,-
963,Unknown Pleasures,"$55,901","$11,254",20.1%,"$44,647",79.9%
964,Bangkok Dangerous,"$55,429",-,-,"$55,429",100%
965,Dracula: Pages from a Virgin's Diary,"$55,365","$55,365",100%,-,-
966,The Suit,"$53,299",-,-,"$53,299",100%
967,Boys Life 4: Four Play,"$53,169","$53,169",100%,-,-
968,Waiting for Happiness,"$53,048","$7,406",14%,"$45,642",86%
969,The Color of Paradise 2003 Re-release,"$52,957",-,-,"$52,957",100%
970,Homerun,"$52,419",-,-,"$52,419",100%
971,The Water... the Fire,"$52,348",-,-,"$52,348",100%
972,Herod's Law,"$52,000","$52,000",100%,-,-
973,Filam Hindi,"$51,394",-,-,"$51,394",100%
974,Tuno negro,"$51,160",-,-,"$51,160",100%
975,Twinni,"$50,681",-,-,"$50,681",100%
976,"Love, Lies, Kids... & Dogs","$50,214",-,-,"$50,214",100%
977,A Family Affair,"$50,075","$50,075",100%,-,-
978,AKA,"$49,988","$49,988",100%,-,-
979,Kedah okaih,"$49,802",-,-,"$49,802",100%
980,India: Kingdom of the Tiger,"$49,380",-,-,"$49,380",100%
981,Wrong Number,"$49,240",-,-,"$49,240",100%
982,Confusion of Genders 2003 Re-release,"$49,237","$49,237",100%,-,-
983,Janahseen,"$48,926",-,-,"$48,926",100%
984,Bollywood Queen,"$48,830",-,-,"$48,830",100%
985,Tretiy variant,"$47,014",-,-,"$47,014",100%
986,Arcibel's Game,"$46,512",-,-,"$46,512",100%
987,Interstella 5555: The 5tory of the 5ecret 5tar 5ystem,"$46,408",-,-,"$46,408",100%
988,An Adolescent,"$46,116",-,-,"$46,116",100%
989,Au Hasard Balthazar,"$45,406","$45,406",100%,-,-
990,Ringu,"$44,598",-,-,"$44,598",100%
991,Moro No Brasil,"$43,805",-,-,"$43,805",100%
992,Fidelity,"$43,495",-,-,"$43,495",100%
993,Il était une fois Jean-Sébastien Bach,"$43,407",-,-,"$43,407",100%
994,Where Is Madame Catherine?,"$42,888",-,-,"$42,888",100%
995,En la ciudad sin límites 2003 Re-release,"$42,567",-,-,"$42,567",100%
996,A Hell of a Day 2003 Re-release,"$42,472",-,-,"$42,472",100%
997,Secret Lives: Hidden Children and Their Rescuers During WWII,"$42,390","$42,390",100%,-,-
998,Ludovic II: un crocodile dans mon jardin,"$41,793",-,-,"$41,793",100%
999,3 Blind Mice,"$41,740",-,-,"$41,740",100%
"1,000",Play,"$41,400",-,-,"$41,400",100%
"1,001",Between Two Countries,"$40,661",-,-,"$40,661",100%
"1,002",My Flesh and Blood,"$40,573","$40,573",100%,-,-
"1,003",She's One of Us,"$40,570",-,-,"$40,570",100%
"1,004",The Little Polish,"$40,419",-,-,"$40,419",100%
"1,005",The Other Side of Heaven 2003 Re-release,"$39,643",-,-,"$39,643",100%
"1,006",Power Trip,"$39,359","$39,359",100%,-,-
"1,007",Sky of Love,"$39,017",-,-,"$39,017",100%
"1,008",Le ventre de Juliette,"$38,495",-,-,"$38,495",100%
"1,009",I Am Cuba 2003 Re-release,"$38,452",-,-,"$38,452",100%
"1,010",Gangs from Rosario,"$38,286",-,-,"$38,286",100%
"1,011",Murder by Death 2003 Re-release,"$38,200",-,-,"$38,200",100%
"1,012",Bollywood/Hollywood 2003 Re-release,"$37,962","$37,962",100%,-,-
"1,013",Pornography,"$37,834",-,-,"$37,834",100%
"1,014",Millennium Actress,"$37,641","$37,641",100%,-,-
"1,015",Quand je vois le soleil,"$37,399",-,-,"$37,399",100%
"1,016",This Thing of Ours,"$37,227","$37,227",100%,-,-
"1,017",History of a Secret,"$36,914",-,-,"$36,914",100%
"1,018",The Hours of the Day,"$36,892",-,-,"$36,892",100%
"1,019",Common Wealth 2003 Re-release,"$36,724",-,-,"$36,724",100%
"1,020",From Here to Eternity,"$36,416","$36,416",100%,-,-
"1,021",10 + 2: The Great Secret,"$36,145",-,-,"$36,145",100%
"1,022",Deep in the Woods 2003 Re-release,"$36,073",-,-,"$36,073",100%
"1,023",The Event,"$35,554","$35,554",100%,-,-
"1,024",Szent Iván napja,"$35,256",-,-,"$35,256",100%
"1,025",Hotel,"$34,971","$29,813",85.3%,"$5,158",14.7%
"1,026",Pyaasa Haiwan,"$34,863",-,-,"$34,863",100%
"1,027",A Decade Under the Influence,"$34,837","$34,837",100%,-,-
"1,028",In July,"$34,245",-,-,"$34,245",100%
"1,029",Martin & Orloff,"$34,222","$34,222",100%,-,-
"1,030",Yamigaeri,"$34,176",-,-,"$34,176",100%
"1,031",La légende de Parva,"$33,860",-,-,"$33,860",100%
"1,032",I Want My Right,"$33,704",-,-,"$33,704",100%
"1,033",Errances,"$33,602",-,-,"$33,602",100%
"1,034",Come and Go,"$33,429",-,-,"$33,429",100%
"1,035",Porn Theatre,"$31,653","$31,653",100%,-,-
"1,036",A Cab for Three,"$31,385",-,-,"$31,385",100%
"1,037",Sans Soleil,"$30,878","$30,878",100%,-,-
"1,038",Venus Beauty 2003 Re-release,"$30,790",-,-,"$30,790",100%
"1,039",A Thousand Months,"$30,789",-,-,"$30,789",100%
"1,040",C'est la vie 2003 Re-release,"$30,744",-,-,"$30,744",100%
"1,041",Under the Skin of the City,"$30,666","$30,666",100%,-,-
"1,042",Gang of Roses,"$30,497","$30,497",100%,-,-
"1,043",Feng Shui,"$30,300",-,-,"$30,300",100%
"1,044",Ilegal,"$29,786",-,-,"$29,786",100%
"1,045",Big Girls Don't Cry,"$29,361","$1,238",4.2%,"$28,123",95.8%
"1,046",Krysar,"$29,172",-,-,"$29,172",100%
"1,047",El embrujo del Sur,"$29,074",-,-,"$29,074",100%
"1,048",Saltimbank,"$28,975",-,-,"$28,975",100%
"1,049",Teknolust,"$28,811","$28,811",100%,-,-
"1,050",The Accidental Detective,"$28,732",-,-,"$28,732",100%
"1,051",Mimi,"$28,712",-,-,"$28,712",100%
"1,052",P.S. Your Cat Is Dead!,"$28,454","$28,454",100%,-,-
"1,053",With George Bush on My Mind,"$28,374",-,-,"$28,374",100%
"1,054",El regalo de Silvia,"$28,304",-,-,"$28,304",100%
"1,055",A Beautiful Sunset,"$27,698",-,-,"$27,698",100%
"1,056",Strange,"$27,495",-,-,"$27,495",100%
"1,057",Small Town,"$27,398",-,-,"$27,398",100%
"1,058",Beyond Vanilla,"$27,396","$27,396",100%,-,-
"1,059",Black Box,"$27,343",-,-,"$27,343",100%
"1,060",Everybody Says I'm Fine!,"$27,225","$27,225",100%,-,-
"1,061",Tada,"$27,121",-,-,"$27,121",100%
"1,062",The Twins Effect II,"$26,613",-,-,"$26,613",100%
"1,063",Miss Du Shi Niang,"$26,478",-,-,"$26,478",100%
"1,064",9 Dead Gay Guys,"$26,377","$26,377",100%,-,-
"1,065",City of SARS,"$25,746",-,-,"$25,746",100%
"1,066",En territoire indien,"$25,652",-,-,"$25,652",100%
"1,067",Joe Gould's Secret 2003 Re-release,"$25,466",-,-,"$25,466",100%
"1,068",Tape 2003 Re-release,"$25,425",-,-,"$25,425",100%
"1,069",Rana's Wedding,"$24,930","$10,604",42.5%,"$14,326",57.5%
"1,070",Interview,"$24,824",-,-,"$24,824",100%
"1,071",Cruel Joys,"$24,774",-,-,"$24,774",100%
"1,072",Women in the Mirror,"$24,769",-,-,"$24,769",100%
"1,073",Last Party 2000,"$24,652",-,-,"$24,652",100%
"1,074",Niki and Flo,"$24,640",-,-,"$24,640",100%
"1,075",Churi,"$24,347",-,-,"$24,347",100%
"1,076",Cesante,"$24,315",-,-,"$24,315",100%
"1,077",Ghislain Lambert's Bicycle 2003 Re-release,"$24,184",-,-,"$24,184",100%
"1,078",Luster,"$24,137","$24,137",100%,-,-
"1,079",American Storytellers,"$24,082","$24,082",100%,-,-
"1,080",New Blood 2003 Re-release,"$23,800",-,-,"$23,800",100%
"1,081",Merry Christmas 2003 Re-release,"$23,628",-,-,"$23,628",100%
"1,082",How to Kill Your Neighbor's Dog 2003 Re-release,"$23,616",-,-,"$23,616",100%
"1,083",Rêve d'usine,"$23,488",-,-,"$23,488",100%
"1,084",Avanti!,"$22,482",-,-,"$22,482",100%
"1,085",August 15th,"$22,407",-,-,"$22,407",100%
"1,086",Royal Bonbon,"$22,353",-,-,"$22,353",100%
"1,087",Bánk bán,"$22,046",-,-,"$22,046",100%
"1,088",Hugo et le dragon,"$21,949",-,-,"$21,949",100%
"1,089",The Best Day of My Life 2003 Re-release,"$21,907",-,-,"$21,907",100%
"1,090",Bruce Lee Superstar,"$21,528",-,-,"$21,528",100%
"1,091",Almost Salinas,"$21,419","$21,419",100%,-,-
"1,092",The Guys,"$21,366","$21,366",100%,-,-
"1,093",FebioFest,"$21,313",-,-,"$21,313",100%
"1,094",Mon Oncle 2003 Re-release,"$21,099",-,-,"$21,099",100%
"1,095",Triggermen,"$20,808",-,-,"$20,808",100%
"1,096",Mucha sangre,"$20,750",-,-,"$20,750",100%
"1,097",The Iron Ladies 2003 Re-release,"$20,744",-,-,"$20,744",100%
"1,098",Bloody Mallory 2003 Re-release,"$20,452",-,-,"$20,452",100%
"1,099",El séptimo arcángel,"$20,376",-,-,"$20,376",100%
"1,100",Midsommer,"$20,344",-,-,"$20,344",100%
"1,101","Float Like a Butterfly, Sting Like a Bee","$20,073","$20,073",100%,-,-
"1,102",The Journey,"$19,800","$19,800",100%,-,-
"1,103",The Private Life of Sherlock Holmes,"$19,773",-,-,"$19,773",100%
"1,104",Days of European Films 2003,"$19,730",-,-,"$19,730",100%
"1,105",Bedtime Fairy Tales for Crocodiles,"$19,590",-,-,"$19,590",100%
"1,106",Coyote Summer,"$19,496",-,-,"$19,496",100%
"1,107",Garmento,"$19,402","$19,402",100%,-,-
"1,108",Ballroom,"$19,328",-,-,"$19,328",100%
"1,109",Solo for Clarinet,"$19,278",-,-,"$19,278",100%
"1,110",Red Snow,"$19,090",-,-,"$19,090",100%
"1,111",Summer with the Ghosts,"$18,901",-,-,"$18,901",100%
"1,112",Happy Birthday!,"$18,762",-,-,"$18,762",100%
"1,113",Viola,"$18,755",-,-,"$18,755",100%
"1,114",Gala,"$18,720",-,-,"$18,720",100%
"1,115",Carlos Against the World,"$18,585",-,-,"$18,585",100%
"1,116",Venus Boyz 2003 Re-release,"$18,515","$18,515",100%,-,-
"1,117",Bro,"$18,501",-,-,"$18,501",100%
"1,118",The Bathers,"$18,223",-,-,"$18,223",100%
"1,119",Kongen som ville ha mer enn en krone,"$17,813",-,-,"$17,813",100%
"1,120","My Teacher, Mr. Kim","$17,778",-,-,"$17,778",100%
"1,121",Les Contes des animaux,"$17,673",-,-,"$17,673",100%
"1,122",'R Xmas 2003 Re-release,"$17,604",-,-,"$17,604",100%
"1,123",Two for the Road,"$17,380",-,-,"$17,380",100%
"1,124",Un día de suerte,"$17,376",-,-,"$17,376",100%
"1,125",The Spirit of the Beehive,"$17,333",-,-,"$17,333",100%
"1,126",The Barefoot Contessa,"$17,018",-,-,"$17,018",100%
"1,127",The Cup 2003 Re-release,"$17,009",-,-,"$17,009",100%
"1,128",Hidden in Plain Sight,"$16,803","$16,803",100%,-,-
"1,129",Cuban Rafters 2003 Re-release,"$16,783","$16,783",100%,-,-
"1,130",Minor Mishaps,"$16,766",-,-,"$16,766",100%
"1,131",Medea,"$16,714","$16,714",100%,-,-
"1,132",Altyn Kyrghol,"$16,357",-,-,"$16,357",100%
"1,133",Le Deuxième Souffle,"$16,310",-,-,"$16,310",100%
"1,134",The Intended,"$16,290","$8,106",49.8%,"$8,184",50.2%
"1,135",Onmyoji: The Yin Yang Master,"$16,234","$16,234",100%,-,-
"1,136",Wattstax,"$16,000","$16,000",100%,-,-
"1,137",Terra incognita,"$15,965",-,-,"$15,965",100%
"1,138",7th Street,"$15,629","$15,629",100%,-,-
"1,139",Our Father,"$15,476","$3,290",21.3%,"$12,186",78.7%
"1,140",Baran 2003 Re-release,"$15,420",-,-,"$15,420",100%
"1,141",Khachaturian,"$15,084","$15,084",100%,-,-
"1,142",Mud,"$14,791",-,-,"$14,791",100%
"1,143",Breathless,"$14,680",-,-,"$14,680",100%
"1,144",The Anarchist Cookbook,"$14,369","$14,369",100%,-,-
"1,145",Queen Margot 2003 Re-release,"$14,341",-,-,"$14,341",100%
"1,146",Public Affairs,"$14,233",-,-,"$14,233",100%
"1,147",Faithless Games,"$14,026",-,-,"$14,026",100%
"1,148",Mansion by the Lake,"$14,005",-,-,"$14,005",100%
"1,149",My Voice,"$13,595",-,-,"$13,595",100%
"1,150",Under Another Sky,"$13,525",-,-,"$13,525",100%
"1,151",The Slaughter Rule,"$13,411","$13,411",100%,-,-
"1,152",Spirit of the Wind,"$13,367",-,-,"$13,367",100%
"1,153",The Idol,"$13,244",-,-,"$13,244",100%
"1,154",McCabe & Mrs. Miller,"$13,186",-,-,"$13,186",100%
"1,155",Nowe Horyzonty II,"$13,115",-,-,"$13,115",100%
"1,156",In a Lonely Place,"$13,092",-,-,"$13,092",100%
"1,157",Lucky Break 2003 Re-release,"$13,086",-,-,"$13,086",100%
"1,158",The Decline of the American Empire 2003 Re-release,"$13,086",-,-,"$13,086",100%
"1,159",The Beguiled 2003 Re-release,"$13,069",-,-,"$13,069",100%
"1,160",Clement,"$12,934",-,-,"$12,934",100%
"1,161",Large 2003 Re-release,"$12,925",-,-,"$12,925",100%
"1,162",America So Beautiful,"$12,882",-,-,"$12,882",100%
"1,163",Himalaya 2003 Re-release,"$12,696",-,-,"$12,696",100%
"1,164",Playtime 2003 Re-release,"$12,464",-,-,"$12,464",100%
"1,165",Farewell Homeland,"$12,285",-,-,"$12,285",100%
"1,166",Local Kid,"$12,273",-,-,"$12,273",100%
"1,167",The Legend of Leigh Bowery,"$11,989","$11,989",100%,-,-
"1,168",Fury 2003 Re-release,"$11,712",-,-,"$11,712",100%
"1,169",Iran: Veiled Appearances,"$11,706",-,-,"$11,706",100%
"1,170",I.K.U.,"$11,678",-,-,"$11,678",100%
"1,171",Mike Yokohama: A Forest with No Name,"$11,612",-,-,"$11,612",100%
"1,172",A Long Weekend in Pest and Buda,"$11,508",-,-,"$11,508",100%
"1,173",Manfast,"$11,480","$11,480",100%,-,-
"1,174",Love Forbidden 2003 Re-release,"$11,421","$11,421",100%,-,-
"1,175",Camera Obscura,"$11,384","$11,384",100%,-,-
"1,176",Cinemania,"$11,305","$11,305",100%,-,-
"1,177",Israeliens/Palestiniens: Que peux le cinema?,"$11,279",-,-,"$11,279",100%
"1,178",Pier Paolo Pasolini les annees 60 en 5 films,"$11,238",-,-,"$11,238",100%
"1,179",Double Indemnity 2003 Re-release,"$11,214",-,-,"$11,214",100%
"1,180",Battle Royale 2003 Re-release,"$11,196",-,-,"$11,196",100%
"1,181",Gasoline,"$11,023","$11,023",100%,-,-
"1,182",Manito,"$11,000","$11,000",100%,-,-
"1,183",Cheyenne Autumn 2003 Re-release,"$10,980",-,-,"$10,980",100%
"1,184",Toy Love,"$10,960",-,-,"$10,960",100%
"1,185",Bringing Up Baby 2003 Re-release,"$10,863",-,-,"$10,863",100%
"1,186",Bad Day at Black Rock 2003 Re-release,"$10,813",-,-,"$10,813",100%
"1,187","Va, petite!","$10,735",-,-,"$10,735",100%
"1,188",Boccaccio '70,"$10,641",-,-,"$10,641",100%
"1,189",The Party 2003 Re-release,"$10,631",-,-,"$10,631",100%
"1,190",The River,"$10,594",-,-,"$10,594",100%
"1,191",Nola,"$10,550","$10,550",100%,-,-
"1,192","Après la pluie, le beau temps","$10,536",-,-,"$10,536",100%
"1,193",Drums Along the Mohawk 2003 Re-release,"$10,360",-,-,"$10,360",100%
"1,194",Qasases El Eshaque,"$10,343",-,-,"$10,343",100%
"1,195",August: A Moment Before the Eruption,"$10,179",-,-,"$10,179",100%
"1,196",Picture Claire,"$10,002",-,-,"$10,002",100%
"1,197",Federico Fellini il Maestro,"$9,922",-,-,"$9,922",100%
"1,198",Marie's Sons,"$9,805",-,-,"$9,805",100%
"1,199",Monday Morning 2003 Re-release,"$9,751",-,-,"$9,751",100%
"1,200",Irma Vep 2003 Re-release,"$9,730",-,-,"$9,730",100%
"1,201",Alaih el-Awadh,"$9,649",-,-,"$9,649",100%
"1,202",Shackleton's Antarctic Adventure 2003 Re-release,"$9,553",-,-,"$9,553",100%
"1,203",The Testament of Dr. Mabuse,"$9,541",-,-,"$9,541",100%
"1,204",The Arrangement 2003 Re-release,"$9,536",-,-,"$9,536",100%
"1,205",Útek do Budína,"$9,512",-,-,"$9,512",100%
"1,206","Kelj fel, komám, ne aludjál!","$9,419",-,-,"$9,419",100%
"1,207","L'Chayim, Comrade Stalin","$9,397","$9,397",100%,-,-
"1,208",Acts of Worship,"$9,377","$9,377",100%,-,-
"1,209",The Last Emperor 2003 Re-release,"$9,278",-,-,"$9,278",100%
"1,210",Lover's Concerto,"$9,230",-,-,"$9,230",100%
"1,211",Some Voices,"$9,188",-,-,"$9,188",100%
"1,212",Burning in the Wind 2003 Re-release,"$9,178",-,-,"$9,178",100%
"1,213","Kiss Me, Stupid","$8,869",-,-,"$8,869",100%
"1,214",Missing Young Woman,"$8,858","$8,858",100%,-,-
"1,215","Je t'aime, je t'aime","$8,676",-,-,"$8,676",100%
"1,216",Bullets or Ballots,"$8,605",-,-,"$8,605",100%
"1,217",The Nine Lives of Tomas Katz,"$8,488",-,-,"$8,488",100%
"1,218",Zero Day,"$8,466","$8,466",100%,-,-
"1,219",Interstate 60: Episodes of the Road,"$8,449",-,-,"$8,449",100%
"1,220",Love Streams,"$8,412",-,-,"$8,412",100%
"1,221",Fleurs de sang 2003 Re-release,"$8,312",-,-,"$8,312",100%
"1,222",Paris selon Moussa,"$8,243",-,-,"$8,243",100%
"1,223",The Man Who Knew Too Much 2003 Re-release,"$8,190",-,-,"$8,190",100%
"1,224",Innocence 2003 Re-release,"$8,184",-,-,"$8,184",100%
"1,225",Suspended Animation,"$8,169","$8,169",100%,-,-
"1,226",The Year of Maria 2003 Re-release,"$8,081",-,-,"$8,081",100%
"1,227",In the Mirror of Maya Deren,"$8,077","$8,077",100%,-,-
"1,228",No Turning Back,"$8,042","$8,042",100%,-,-
"1,229",The Scoundrel's Wife,"$8,018","$8,018",100%,-,-
"1,230",Before the Storm,"$7,836",-,-,"$7,836",100%
"1,231",Witness for the Prosecution,"$7,693",-,-,"$7,693",100%
"1,232",While the City Sleeps,"$7,652",-,-,"$7,652",100%
"1,233",El Derak,"$7,633",-,-,"$7,633",100%
"1,234",À l'attaque!,"$7,597",-,-,"$7,597",100%
"1,235",Controlled Chaos,"$7,549","$7,549",100%,-,-
"1,236",If I Were a Rich Man 2003 Re-release,"$7,517",-,-,"$7,517",100%
"1,237","Davos, Porto Alegre et autres batailles","$7,478",-,-,"$7,478",100%
"1,238",Out of Line,"$7,406",-,-,"$7,406",100%
"1,239",El juego de la silla,"$7,357",-,-,"$7,357",100%
"1,240",New Best Friend 2003 Re-release,"$7,159",-,-,"$7,159",100%
"1,241",Mods,"$7,020",-,-,"$7,020",100%
"1,242",And Now for Something Completely Different,"$6,979",-,-,"$6,979",100%
"1,243",Robinson's Crusoe,"$6,969",-,-,"$6,969",100%
"1,244",Burnt Money 2003 Re-release,"$6,943",-,-,"$6,943",100%
"1,245",Bázo,"$6,889",-,-,"$6,889",100%
"1,246",What Time Is It There? 2003 Re-release,"$6,885",-,-,"$6,885",100%
"1,247",Pursuit of Happiness,"$6,850","$6,850",100%,-,-
"1,248",Apaiencias,"$6,617",-,-,"$6,617",100%
"1,249",Brave 20,"$6,609",-,-,"$6,609",100%
"1,250",Nothing More,"$6,545",-,-,"$6,545",100%
"1,251",High Plains Drifter 2003 Re-release,"$6,540",-,-,"$6,540",100%
"1,252",Ran 2003 Re-release,"$6,482",-,-,"$6,482",100%
"1,253",Freud,"$6,388",-,-,"$6,388",100%
"1,254",Forget Baghdad: Jews and Arabs - The Iraqi Connection,"$6,151","$3,741",60.8%,"$2,410",39.2%
"1,255",Human Lost,"$6,141",-,-,"$6,141",100%
"1,256",Extranjeras,"$6,135",-,-,"$6,135",100%
"1,257",Merci Qui?: Spécial Cannes - Le nouvel Hollywood,"$6,107",-,-,"$6,107",100%
"1,258",The Calling 2003 Re-release,"$6,092","$6,092",100%,-,-
"1,259",Tell Them Willie Boy Is Here,"$5,949",-,-,"$5,949",100%
"1,260",Shimkent hôtel,"$5,944",-,-,"$5,944",100%
"1,261","Profils, Henri Cartier-Bresson: L'amour tout court","$5,891",-,-,"$5,891",100%
"1,262",On n'est pas des marques de vélo,"$5,879",-,-,"$5,879",100%
"1,263",Regarde-moi (en face),"$5,862",-,-,"$5,862",100%
"1,264",From the Other Side,"$5,850",-,-,"$5,850",100%
"1,265","Cóndor Crux, la leyenda","$5,659",-,-,"$5,659",100%
"1,266",Inner Senses,"$5,658",-,-,"$5,658",100%
"1,267",Death in Venice,"$5,558",-,-,"$5,558",100%
"1,268",Gérard Philipe: Eternal Youth,"$5,552",-,-,"$5,552",100%
"1,269",White Heat,"$5,534",-,-,"$5,534",100%
"1,270",Drop Me a Cat,"$5,485",-,-,"$5,485",100%
"1,271",Malavana,"$5,383",-,-,"$5,383",100%
"1,272","La Commune (Paris, 1871)","$5,340","$5,340",100%,-,-
"1,273",Ibiza Dream 2003 Re-release,"$5,277",-,-,"$5,277",100%
"1,274",Home Room,"$5,216","$5,216",100%,-,-
"1,275","Vendetta: No Conscience, No Mercy","$5,161","$5,161",100%,-,-
"1,276",Il ritorno del figlio prodigo,"$5,142",-,-,"$5,142",100%
"1,277",Simenon a l'ecran,"$5,078",-,-,"$5,078",100%
"1,278",Robinson in Space,"$5,054",-,-,"$5,054",100%
"1,279",Kabhi Khushi Kabhie Gham... 2003 Re-release,"$4,857",-,-,"$4,857",100%
"1,280","Orlan, carnal art","$4,856",-,-,"$4,856",100%
"1,281",Kira's Reason: A Love Story,"$4,847","$4,847",100%,-,-
"1,282",High Times Potluck,"$4,827","$4,827",100%,-,-
"1,283",Numéro zéro,"$4,750",-,-,"$4,750",100%
"1,284",A Very Curious Girl,"$4,692",-,-,"$4,692",100%
"1,285",Chaos,"$4,608","$4,608",100%,-,-
"1,286",A Taste of Honey,"$4,597",-,-,"$4,597",100%
"1,287",Beautiful Memories 2003 Re-release,"$4,577",-,-,"$4,577",100%
"1,288",Confidential Report,"$4,528",-,-,"$4,528",100%
"1,289",Mister Cory,"$4,462",-,-,"$4,462",100%
"1,290",The Mystic Masseur 2003 Re-release,"$4,393",-,-,"$4,393",100%
"1,291",Enclosure,"$4,370",-,-,"$4,370",100%
"1,292",The Man Who Laughs,"$4,347",-,-,"$4,347",100%
"1,293",Jersey Guy,"$4,268","$4,268",100%,-,-
"1,294",Song of the Stork,"$4,235",-,-,"$4,235",100%
"1,295",Betizu izar artean,"$4,197",-,-,"$4,197",100%
"1,296",Melvin Goes to Dinner,"$4,168","$4,168",100%,-,-
"1,297",Ordinary Sinner,"$4,083","$4,083",100%,-,-
"1,298",Freaks,"$4,072",-,-,"$4,072",100%
"1,299",Los porfiados,"$4,031",-,-,"$4,031",100%
"1,300",The Mass Is Ended,"$4,001",-,-,"$4,001",100%
"1,301",L'ange de goudron,"$3,908",-,-,"$3,908",100%
"1,302",Bawandar,"$3,779","$3,779",100%,-,-
"1,303",Shoot to Thrill,"$3,744",-,-,"$3,744",100%
"1,304",Terminator 2: Judgment Day 2003 Re-release,"$3,693",-,-,"$3,693",100%
"1,305",Dr. Benny,"$3,657","$3,657",100%,-,-
"1,306",Gallivant,"$3,645",-,-,"$3,645",100%
"1,307",The Last Minute,"$3,639",-,-,"$3,639",100%
"1,308",Warrior of Light,"$3,617","$3,617",100%,-,-
"1,309",Struggle,"$3,590",-,-,"$3,590",100%
"1,310",Journeys with George,"$3,588","$3,588",100%,-,-
"1,311",L'Emotion en 70mm,"$3,586",-,-,"$3,586",100%
"1,312",Sister Helen,"$3,541","$3,541",100%,-,-
"1,313",Racines,"$3,487",-,-,"$3,487",100%
"1,314",Short Eyes,"$3,456","$3,456",100%,-,-
"1,315",Alex's Wedding,"$3,405",-,-,"$3,405",100%
"1,316",Girls Can Get Away with Anything,"$3,405",-,-,"$3,405",100%
"1,317",One More Day,"$3,370",-,-,"$3,370",100%
"1,318",Blanca,"$3,355",-,-,"$3,355",100%
"1,319",Bread and Milk,"$3,299",-,-,"$3,299",100%
"1,320",The Scarlet Empress,"$3,299",-,-,"$3,299",100%
"1,321",Teresa Teresa,"$3,290",-,-,"$3,290",100%
"1,322",The Work and the Story,"$3,233","$3,233",100%,-,-
"1,323",L'enfant lion,"$3,218",-,-,"$3,218",100%
"1,324",The Backyard,"$3,200","$3,200",100%,-,-
"1,325",Children of Petroleum,"$3,188",-,-,"$3,188",100%
"1,326",Black,"$3,141",-,-,"$3,141",100%
"1,327",Total Pro Sports: Thirsty Athletes Caught Staring at Gorgeous Women,"$3,136",-,-,"$3,136",100%
"1,328",Le voyage de Maryam,"$3,118",-,-,"$3,118",100%
"1,329",Le tube,"$3,065",-,-,"$3,065",100%
"1,330",Married Affairs,"$3,056",-,-,"$3,056",100%
"1,331",Quest for Fire 2003 Re-release,"$3,030",-,-,"$3,030",100%
"1,332",The Reluctant Debutante,"$3,030",-,-,"$3,030",100%
"1,333",Supernova [Expérience #1],"$3,030",-,-,"$3,030",100%
"1,334",7 Days in Tehran,"$2,919",-,-,"$2,919",100%
"1,335",Le lac et la rivière,"$2,826",-,-,"$2,826",100%
"1,336",Baghdad On/Off,"$2,750",-,-,"$2,750",100%
"1,337",Cycle Bunuel,"$2,586",-,-,"$2,586",100%
"1,338",Brazil 2003 Re-release,"$2,557",-,-,"$2,557",100%
"1,339",Qing mi ge bun yue,"$2,523",-,-,"$2,523",100%
"1,340",Unknown Title,"$2,492",-,-,"$2,492",100%
"1,341",To Be Twenty in the Aures,"$2,422",-,-,"$2,422",100%
"1,342",The Devil Is a Woman,"$2,375",-,-,"$2,375",100%
"1,343",Bedwin Hacker,"$2,305",-,-,"$2,305",100%
"1,344",Honey for Oshun 2003 Re-release,"$2,291",-,-,"$2,291",100%
"1,345",Pola à 27 ans,"$2,235",-,-,"$2,235",100%
"1,346",Dischord,"$2,199","$2,199",100%,-,-
"1,347",Hell's Highway: The True Story of Highway Safety Films,"$2,171","$2,171",100%,-,-
"1,348",Jedna kocka za druhou,"$2,096",-,-,"$2,096",100%
"1,349",Baby,"$2,095",-,-,"$2,095",100%
"1,350",The Story of the Fox,"$2,094",-,-,"$2,094",100%
"1,351",Shao's Movie 3,"$2,017",-,-,"$2,017",100%
"1,352",The Night of the Hunter 2003 Re-release,"$2,001",-,-,"$2,001",100%
"1,353",Enemies of Laughter,"$2,000","$2,000",100%,-,-
"1,354",Enlightenment Guaranteed,"$1,948",-,-,"$1,948",100%
"1,355",Dead of Night,"$1,919",-,-,"$1,919",100%
"1,356",The Young Girls of Rochefort 2003 Re-release,"$1,778",-,-,"$1,778",100%
"1,357",Red Moon,"$1,775",-,-,"$1,775",100%
"1,358",Les guerriers de la beauté,"$1,755",-,-,"$1,755",100%
"1,359",Suckie,"$1,733",-,-,"$1,733",100%
"1,360",The Woman Who Believed She Was President of the United States,"$1,708",-,-,"$1,708",100%
"1,361",Bad Luck,"$1,708",-,-,"$1,708",100%
"1,362",O Delfim,"$1,638",-,-,"$1,638",100%
"1,363",Blindness,"$1,602","$1,602",100%,-,-
"1,364",Wash Dry and Spin Out,"$1,570","$1,570",100%,-,-
"1,365",Where Does Your Hidden Smile Lie?,"$1,568",-,-,"$1,568",100%
"1,366",Independent Spirits: Faith Hubley/John Hubley,"$1,551","$1,551",100%,-,-
"1,367","Urusei Yatsura: Blind Love! You Bet Your Life, Honest Fox","$1,487",-,-,"$1,487",100%
"1,368",The Young One,"$1,463",-,-,"$1,463",100%
"1,369",La vie nue,"$1,445",-,-,"$1,445",100%
"1,370",The Ballad of Bering Strait,"$1,440","$1,440",100%,-,-
"1,371",An Angel at My Table 2003 Re-release,"$1,357",-,-,"$1,357",100%
"1,372",El Leyton,"$1,332","$1,332",100%,-,-
"1,373",Exorcism,"$1,303","$1,303",100%,-,-
"1,374",The Road to Jerusalem,"$1,300",-,-,"$1,300",100%
"1,375",L'electron libre,"$1,188",-,-,"$1,188",100%
"1,376",Naica,"$1,182",-,-,"$1,182",100%
"1,377",The Territory of Others,"$1,065",-,-,"$1,065",100%
"1,378",A House on a Hill,$984,$984,100%,-,-
"1,379",Marlene Dietrich: Her Own Song,$968,-,-,$968,100%
"1,380","Siraba, la grande voie",$959,-,-,$959,100%
"1,381",Les Nouveaux Nababs d'Hollywood,$948,-,-,$948,100%
"1,382",The Marriage of Maria Braun,$917,-,-,$917,100%
"1,383",Jours tranquilles à Sarajevo,$872,-,-,$872,100%
"1,384",Strange Honeymoon,$864,-,-,$864,100%
"1,385","Ciao, Federico!",$825,-,-,$825,100%
"1,386",Balto 2003 Re-release,$766,-,-,$766,100%
"1,387",Cualquiera,$742,-,-,$742,100%
"1,388",The Point Men,$714,-,-,$714,100%
"1,389",L'Irak - D'une guerre à l'autre,$527,-,-,$527,100%
"1,390",Sweetie 2003 Re-release,$497,-,-,$497,100%
"1,391",Tatami,$374,-,-,$374,100%
"1,392",2 Seconds,$369,-,-,$369,100%
"1,393",Toujours tout droit,$316,-,-,$316,100%
"1,394",Clandestino,$287,-,-,$287,100%
"1,395",Light of My Eyes,$257,-,-,$257,100%
"1,396",Taj Mahal: A Monument of Love,$224,-,-,$224,100%
